paths,labels
ocr_train/0.jpg,80272
ocr_train/1.jpg,48318
ocr_train/2.jpg,68190
ocr_train/3.jpg,33050
ocr_train/4.jpg,75802
ocr_train/5.jpg,34143
ocr_train/6.jpg,4745
ocr_train/7.jpg,11221
ocr_train/8.jpg,031432
ocr_train/9.jpg,044712
ocr_train/10.jpg,52277
ocr_train/11.jpg,79996
ocr_train/12.jpg,83206
ocr_train/13.jpg,123766
ocr_train/14.jpg,36238
ocr_train/15.jpg,21100
ocr_train/16.jpg,55388
ocr_train/17.jpg,33330
ocr_train/18.jpg,17759
ocr_train/19.jpg,10015
ocr_train/20.jpg,21511
ocr_train/21.jpg,14244
ocr_train/22.jpg,18941
ocr_train/23.jpg,43560
ocr_train/24.jpg,20676
ocr_train/25.jpg,09503
ocr_train/26.jpg,32706
ocr_train/27.jpg,41325
ocr_train/28.jpg,72410
ocr_train/29.jpg,76900
ocr_train/30.jpg,88109
ocr_train/31.jpg,13772
ocr_train/32.jpg,112273
ocr_train/33.jpg,484.3
ocr_train/34.jpg,3739
ocr_train/35.jpg,53039
ocr_train/36.jpg,076646
ocr_train/37.jpg,61450
ocr_train/38.jpg,40546
ocr_train/39.jpg,45893
ocr_train/40.jpg,54278
ocr_train/41.jpg,027534
ocr_train/42.jpg,66503
ocr_train/43.jpg,091017
ocr_train/44.jpg,073679
ocr_train/45.jpg,22734
ocr_train/46.jpg,23120
ocr_train/47.jpg,8067
ocr_train/48.jpg,37705
ocr_train/49.jpg,046185
ocr_train/50.jpg,51801
ocr_train/51.jpg,65776
ocr_train/52.jpg,28590
ocr_train/53.jpg,73603
ocr_train/54.jpg,64668
ocr_train/55.jpg,32764
ocr_train/56.jpg,104602
ocr_train/57.jpg,13794
ocr_train/58.jpg,137703
ocr_train/59.jpg,51300
ocr_train/60.jpg,40373
ocr_train/61.jpg,49283
ocr_train/62.jpg,17042
ocr_train/63.jpg,28932
ocr_train/64.jpg,34965
ocr_train/65.jpg,62149
ocr_train/66.jpg,13158
ocr_train/67.jpg,75246
ocr_train/68.jpg,66914
ocr_train/69.jpg,56572
ocr_train/70.jpg,76719
ocr_train/71.jpg,6133
ocr_train/72.jpg,91254
ocr_train/73.jpg,75039
ocr_train/74.jpg,90353
ocr_train/75.jpg,99578
ocr_train/76.jpg,59830
ocr_train/77.jpg,59486
ocr_train/78.jpg,18984
ocr_train/79.jpg,34195
ocr_train/80.jpg,46122
ocr_train/81.jpg,44461
ocr_train/82.jpg,42517
ocr_train/83.jpg,47701
ocr_train/84.jpg,29565
ocr_train/85.jpg,87311
ocr_train/86.jpg,70389
ocr_train/87.jpg,35078
ocr_train/88.jpg,66387
ocr_train/89.jpg,37939
ocr_train/90.jpg,37490
ocr_train/91.jpg,29316
ocr_train/92.jpg,95450
ocr_train/93.jpg,51956
ocr_train/94.jpg,104189
ocr_train/95.jpg,34765
ocr_train/96.jpg,84974
ocr_train/97.jpg,13616
ocr_train/98.jpg,23199
ocr_train/99.jpg,052363
ocr_train/100.jpg,43159
ocr_train/101.jpg,2823
ocr_train/102.jpg,51186
ocr_train/103.jpg,33413
ocr_train/104.jpg,090180
ocr_train/105.jpg,35302
ocr_train/106.jpg,41499
ocr_train/107.jpg,46549
ocr_train/108.jpg,27758
ocr_train/109.jpg,14813
ocr_train/110.jpg,55612
ocr_train/111.jpg,111029
ocr_train/112.jpg,58223
ocr_train/113.jpg,38186
ocr_train/114.jpg,93023
ocr_train/115.jpg,92775
ocr_train/116.jpg,145250
ocr_train/117.jpg,52278
ocr_train/118.jpg,23748
ocr_train/119.jpg,74169
ocr_train/120.jpg,97454
ocr_train/121.jpg,085732
ocr_train/122.jpg,52606
ocr_train/123.jpg,7311
ocr_train/124.jpg,51452
ocr_train/125.jpg,29534
ocr_train/126.jpg,61679
ocr_train/127.jpg,34974
ocr_train/128.jpg,66151
ocr_train/129.jpg,024019
ocr_train/130.jpg,103630
ocr_train/131.jpg,151322
ocr_train/132.jpg,59525
ocr_train/133.jpg,116735
ocr_train/134.jpg,036325
ocr_train/135.jpg,79063
ocr_train/136.jpg,30038
ocr_train/137.jpg,80097
ocr_train/138.jpg,96091
ocr_train/139.jpg,29317
ocr_train/140.jpg,39319
ocr_train/141.jpg,46872
ocr_train/142.jpg,14629
ocr_train/143.jpg,143609
ocr_train/144.jpg,25581
ocr_train/145.jpg,71281
ocr_train/146.jpg,35082
ocr_train/147.jpg,87651
ocr_train/148.jpg,148564
ocr_train/149.jpg,26589
ocr_train/150.jpg,16834
ocr_train/151.jpg,20208
ocr_train/152.jpg,127073
ocr_train/153.jpg,115074
ocr_train/154.jpg,97128
ocr_train/155.jpg,62934
ocr_train/156.jpg,26995
ocr_train/157.jpg,20238
ocr_train/158.jpg,86843
ocr_train/159.jpg,166095
ocr_train/160.jpg,28587
ocr_train/161.jpg,55472
ocr_train/162.jpg,69567
ocr_train/163.jpg,012307
ocr_train/164.jpg,30255
ocr_train/165.jpg,13083
ocr_train/166.jpg,122963
ocr_train/167.jpg,118649
ocr_train/168.jpg,5986
ocr_train/169.jpg,124266
ocr_train/170.jpg,69659
ocr_train/171.jpg,63446
ocr_train/172.jpg,15124
ocr_train/173.jpg,122825
ocr_train/174.jpg,14209
ocr_train/175.jpg,053547
ocr_train/176.jpg,88998
ocr_train/177.jpg,099147
ocr_train/178.jpg,82065
ocr_train/179.jpg,091444
ocr_train/180.jpg,82473
ocr_train/181.jpg,51739
ocr_train/182.jpg,75774
ocr_train/183.jpg,120836
ocr_train/184.jpg,8171
ocr_train/185.jpg,82490
ocr_train/186.jpg,7155
ocr_train/187.jpg,087547
ocr_train/188.jpg,068081
ocr_train/189.jpg,64848
ocr_train/190.jpg,52328
ocr_train/191.jpg,42420
ocr_train/192.jpg,062013
ocr_train/193.jpg,18068
ocr_train/194.jpg,57015
ocr_train/195.jpg,27937
ocr_train/196.jpg,061685
ocr_train/197.jpg,27879
ocr_train/198.jpg,70112
ocr_train/199.jpg,4708
ocr_train/200.jpg,241689
ocr_train/201.jpg,24426
ocr_train/202.jpg,107456
ocr_train/203.jpg,39023.0
ocr_train/204.jpg,55430
ocr_train/205.jpg,63200
ocr_train/206.jpg,89377
ocr_train/207.jpg,115978
ocr_train/208.jpg,14700
ocr_train/209.jpg,86700
ocr_train/210.jpg,012261
ocr_train/211.jpg,23607
ocr_train/212.jpg,82950
ocr_train/213.jpg,74522
ocr_train/214.jpg,60909
ocr_train/215.jpg,36547
ocr_train/216.jpg,37659
ocr_train/217.jpg,44394
ocr_train/218.jpg,60729
ocr_train/219.jpg,64118
ocr_train/220.jpg,41783
ocr_train/221.jpg,75079
ocr_train/222.jpg,32554
ocr_train/223.jpg,70964
ocr_train/224.jpg,35737
ocr_train/225.jpg,92858
ocr_train/226.jpg,61680
ocr_train/227.jpg,46940
ocr_train/228.jpg,101578
ocr_train/229.jpg,77912
ocr_train/230.jpg,31673
ocr_train/231.jpg,41399
ocr_train/232.jpg,054890
ocr_train/233.jpg,130486
ocr_train/234.jpg,10555
ocr_train/235.jpg,016147
ocr_train/236.jpg,57548
ocr_train/237.jpg,29760
ocr_train/238.jpg,20261
ocr_train/239.jpg,29225
ocr_train/240.jpg,43291
ocr_train/241.jpg,101327
ocr_train/242.jpg,102177
ocr_train/243.jpg,77537
ocr_train/244.jpg,69432
ocr_train/245.jpg,75282
ocr_train/246.jpg,118150
ocr_train/247.jpg,79058
ocr_train/248.jpg,31994
ocr_train/249.jpg,172207
ocr_train/250.jpg,63217
ocr_train/251.jpg,71936
ocr_train/252.jpg,33932
ocr_train/253.jpg,18975
ocr_train/254.jpg,89521
ocr_train/255.jpg,69477
ocr_train/256.jpg,47191
ocr_train/257.jpg,55410
ocr_train/258.jpg,9005
ocr_train/259.jpg,38671
ocr_train/260.jpg,113255
ocr_train/261.jpg,53668
ocr_train/262.jpg,77845
ocr_train/263.jpg,69207
ocr_train/264.jpg,3189
ocr_train/265.jpg,9543
ocr_train/266.jpg,57596
ocr_train/267.jpg,130222
ocr_train/268.jpg,112790
ocr_train/269.jpg,7688
ocr_train/270.jpg,21022
ocr_train/271.jpg,82190
ocr_train/272.jpg,100321
ocr_train/273.jpg,50735
ocr_train/274.jpg,48869
ocr_train/275.jpg,17445
ocr_train/276.jpg,054711
ocr_train/277.jpg,138692
ocr_train/278.jpg,58124
ocr_train/279.jpg,127044
ocr_train/280.jpg,27710
ocr_train/281.jpg,20658
ocr_train/282.jpg,090698
ocr_train/283.jpg,78665
ocr_train/284.jpg,13075
ocr_train/285.jpg,39488
ocr_train/286.jpg,105232
ocr_train/287.jpg,69063
ocr_train/288.jpg,46108
ocr_train/289.jpg,52729
ocr_train/290.jpg,66207
ocr_train/291.jpg,36530
ocr_train/292.jpg,34746
ocr_train/293.jpg,55507
ocr_train/294.jpg,40882
ocr_train/295.jpg,120526
ocr_train/296.jpg,61306
ocr_train/297.jpg,61815
ocr_train/298.jpg,57008
ocr_train/299.jpg,72701
ocr_train/300.jpg,29744
ocr_train/301.jpg,4538
ocr_train/302.jpg,65859
ocr_train/303.jpg,184888
ocr_train/304.jpg,32146
ocr_train/305.jpg,8498
ocr_train/306.jpg,27976
ocr_train/307.jpg,062727
ocr_train/308.jpg,79790
ocr_train/309.jpg,118349
ocr_train/310.jpg,023213
ocr_train/311.jpg,095765
ocr_train/312.jpg,62806
ocr_train/313.jpg,06421
ocr_train/314.jpg,30424
ocr_train/315.jpg,53186
ocr_train/316.jpg,48721
ocr_train/317.jpg,77476
ocr_train/318.jpg,70380
ocr_train/319.jpg,66499
ocr_train/320.jpg,13452
ocr_train/321.jpg,77972
ocr_train/322.jpg,54677
ocr_train/323.jpg,77124
ocr_train/324.jpg,9889
ocr_train/325.jpg,93587
ocr_train/326.jpg,63854
ocr_train/327.jpg,116837
ocr_train/328.jpg,82344
ocr_train/329.jpg,143933
ocr_train/330.jpg,39533
ocr_train/331.jpg,66397
ocr_train/332.jpg,42191
ocr_train/333.jpg,1600
ocr_train/334.jpg,11835
ocr_train/335.jpg,75114
ocr_train/336.jpg,68208
ocr_train/337.jpg,028191
ocr_train/338.jpg,75444
ocr_train/339.jpg,97734
ocr_train/340.jpg,117127
ocr_train/341.jpg,11244
ocr_train/342.jpg,043841
ocr_train/343.jpg,22772
ocr_train/344.jpg,89098
ocr_train/345.jpg,132677
ocr_train/346.jpg,70313
ocr_train/347.jpg,77722
ocr_train/348.jpg,17247
ocr_train/349.jpg,075569
ocr_train/350.jpg,15896
ocr_train/351.jpg,012595
ocr_train/352.jpg,81475.3
ocr_train/353.jpg,013785
ocr_train/354.jpg,067188
ocr_train/355.jpg,72720
ocr_train/356.jpg,68813
ocr_train/357.jpg,92196
ocr_train/358.jpg,26606
ocr_train/359.jpg,174300
ocr_train/360.jpg,36800
ocr_train/361.jpg,17503
ocr_train/362.jpg,30058
ocr_train/363.jpg,5386
ocr_train/364.jpg,68179
ocr_train/365.jpg,23731
ocr_train/366.jpg,41506
ocr_train/367.jpg,075217
ocr_train/368.jpg,28904
ocr_train/369.jpg,81974
ocr_train/370.jpg,143173
ocr_train/371.jpg,15562
ocr_train/372.jpg,70920
ocr_train/373.jpg,69756
ocr_train/374.jpg,105901
ocr_train/375.jpg,22875
ocr_train/376.jpg,66041
ocr_train/377.jpg,113352
ocr_train/378.jpg,105312
ocr_train/379.jpg,80402
ocr_train/380.jpg,81179
ocr_train/381.jpg,96266
ocr_train/382.jpg,17317
ocr_train/383.jpg,51876
ocr_train/384.jpg,8920
ocr_train/385.jpg,46493
ocr_train/386.jpg,46839
ocr_train/387.jpg,61240
ocr_train/388.jpg,46470
ocr_train/389.jpg,57045
ocr_train/390.jpg,14920
ocr_train/391.jpg,87839
ocr_train/392.jpg,19399
ocr_train/393.jpg,49808
ocr_train/394.jpg,50985
ocr_train/395.jpg,052900
ocr_train/396.jpg,96618
ocr_train/397.jpg,23093
ocr_train/398.jpg,38501
ocr_train/399.jpg,23064
ocr_train/400.jpg,34937
ocr_train/401.jpg,89960
ocr_train/402.jpg,82902
ocr_train/403.jpg,54348
ocr_train/404.jpg,73539
ocr_train/405.jpg,9602
ocr_train/406.jpg,60126
ocr_train/407.jpg,23749
ocr_train/408.jpg,35550
ocr_train/409.jpg,145192
ocr_train/410.jpg,3335
ocr_train/411.jpg,66175
ocr_train/412.jpg,21556
ocr_train/413.jpg,18058
ocr_train/414.jpg,32427
ocr_train/415.jpg,10357
ocr_train/416.jpg,040971
ocr_train/417.jpg,24945
ocr_train/418.jpg,33878
ocr_train/419.jpg,52817
ocr_train/420.jpg,109803
ocr_train/421.jpg,73842
ocr_train/422.jpg,44440
ocr_train/423.jpg,21446
ocr_train/424.jpg,36593
ocr_train/425.jpg,68990
ocr_train/426.jpg,70070
ocr_train/427.jpg,142572
ocr_train/428.jpg,87729
ocr_train/429.jpg,5749
ocr_train/430.jpg,5624
ocr_train/431.jpg,042890
ocr_train/432.jpg,118566
ocr_train/433.jpg,79542
ocr_train/434.jpg,23613
ocr_train/435.jpg,94455
ocr_train/436.jpg,059506
ocr_train/437.jpg,67318
ocr_train/438.jpg,44854
ocr_train/439.jpg,049247
ocr_train/440.jpg,17598
ocr_train/441.jpg,075301
ocr_train/442.jpg,130751
ocr_train/443.jpg,012890
ocr_train/444.jpg,24786
ocr_train/445.jpg,23773
ocr_train/446.jpg,14526
ocr_train/447.jpg,54229
ocr_train/448.jpg,44930
ocr_train/449.jpg,46861
ocr_train/450.jpg,2298
ocr_train/451.jpg,12661
ocr_train/452.jpg,20898
ocr_train/453.jpg,109220
ocr_train/454.jpg,32863
ocr_train/455.jpg,42175
ocr_train/456.jpg,20115
ocr_train/457.jpg,148358
ocr_train/458.jpg,20258
ocr_train/459.jpg,68739
ocr_train/460.jpg,040952
ocr_train/461.jpg,56286
ocr_train/462.jpg,62261
ocr_train/463.jpg,47641
ocr_train/464.jpg,99305
ocr_train/465.jpg,23000
ocr_train/466.jpg,20689
ocr_train/467.jpg,28127
ocr_train/468.jpg,69498
ocr_train/469.jpg,78099
ocr_train/470.jpg,74009
ocr_train/471.jpg,61869
ocr_train/472.jpg,87338
ocr_train/473.jpg,053967
ocr_train/474.jpg,87713
ocr_train/475.jpg,37473
ocr_train/476.jpg,86466
ocr_train/477.jpg,39174
ocr_train/478.jpg,24092
ocr_train/479.jpg,013706
ocr_train/480.jpg,74709
ocr_train/481.jpg,147312
ocr_train/482.jpg,55946
ocr_train/483.jpg,52358
ocr_train/484.jpg,12532
ocr_train/485.jpg,102466
ocr_train/486.jpg,89063
ocr_train/487.jpg,14470
ocr_train/488.jpg,017487
ocr_train/489.jpg,44226
ocr_train/490.jpg,014433
ocr_train/491.jpg,066399
ocr_train/492.jpg,72947
ocr_train/493.jpg,61606
ocr_train/494.jpg,149060
ocr_train/495.jpg,086412
ocr_train/496.jpg,23794
ocr_train/497.jpg,37417
ocr_train/498.jpg,067979
ocr_train/499.jpg,149815
ocr_train/500.jpg,16719
ocr_train/501.jpg,44144
ocr_train/502.jpg,109010
ocr_train/503.jpg,45778
ocr_train/504.jpg,56039
ocr_train/505.jpg,067950
ocr_train/506.jpg,110692
ocr_train/507.jpg,93896
ocr_train/508.jpg,55356
ocr_train/509.jpg,43154
ocr_train/510.jpg,100781
ocr_train/511.jpg,105286
ocr_train/512.jpg,055216
ocr_train/513.jpg,108114
ocr_train/514.jpg,40861
ocr_train/515.jpg,65952
ocr_train/516.jpg,46246
ocr_train/517.jpg,59811
ocr_train/518.jpg,39070
ocr_train/519.jpg,039253
ocr_train/520.jpg,12622
ocr_train/521.jpg,105149
ocr_train/522.jpg,024972
ocr_train/523.jpg,38076
ocr_train/524.jpg,112987
ocr_train/525.jpg,45874
ocr_train/526.jpg,23367
ocr_train/527.jpg,75798
ocr_train/528.jpg,099912
ocr_train/529.jpg,54225
ocr_train/530.jpg,086029
ocr_train/531.jpg,41511
ocr_train/532.jpg,39285
ocr_train/533.jpg,100214
ocr_train/534.jpg,109381
ocr_train/535.jpg,28455
ocr_train/536.jpg,34405.5
ocr_train/537.jpg,66414
ocr_train/538.jpg,57183
ocr_train/539.jpg,88859
ocr_train/540.jpg,97073
ocr_train/541.jpg,154506
ocr_train/542.jpg,68420
ocr_train/543.jpg,10512
ocr_train/544.jpg,13329
ocr_train/545.jpg,7415
ocr_train/546.jpg,10932
ocr_train/547.jpg,88578
ocr_train/548.jpg,16737
ocr_train/549.jpg,14244
ocr_train/550.jpg,063808
ocr_train/551.jpg,23000
ocr_train/552.jpg,21201
ocr_train/553.jpg,62501
ocr_train/554.jpg,71465
ocr_train/555.jpg,126287
ocr_train/556.jpg,72673
ocr_train/557.jpg,95639
ocr_train/558.jpg,19995
ocr_train/559.jpg,34100
ocr_train/560.jpg,5725
ocr_train/561.jpg,50469
ocr_train/562.jpg,142111
ocr_train/563.jpg,148450
ocr_train/564.jpg,46937
ocr_train/565.jpg,67890
ocr_train/566.jpg,23177
ocr_train/567.jpg,66784
ocr_train/568.jpg,19575
ocr_train/569.jpg,83503
ocr_train/570.jpg,95773
ocr_train/571.jpg,88285
ocr_train/572.jpg,55548
ocr_train/573.jpg,121733
ocr_train/574.jpg,73541
ocr_train/575.jpg,65563
ocr_train/576.jpg,47266
ocr_train/577.jpg,55448
ocr_train/578.jpg,5102
ocr_train/579.jpg,060431
ocr_train/580.jpg,0 59551
ocr_train/581.jpg,42679
ocr_train/582.jpg,67181
ocr_train/583.jpg,41932
ocr_train/584.jpg,47512
ocr_train/585.jpg,3447
ocr_train/586.jpg,53362
ocr_train/587.jpg,16451
ocr_train/588.jpg,124251
ocr_train/589.jpg,42142
ocr_train/590.jpg,043214
ocr_train/591.jpg,63157
ocr_train/592.jpg,52341
ocr_train/593.jpg,48470
ocr_train/594.jpg,081178
ocr_train/595.jpg,44362
ocr_train/596.jpg,60316
ocr_train/597.jpg,118062
ocr_train/598.jpg,11749
ocr_train/599.jpg,18679
ocr_train/600.jpg,082355
ocr_train/601.jpg,058624
ocr_train/602.jpg,62017
ocr_train/603.jpg,113602
ocr_train/604.jpg,14736
ocr_train/605.jpg,22227
ocr_train/606.jpg,61093
ocr_train/607.jpg,84843
ocr_train/608.jpg,80309
ocr_train/609.jpg,6979
ocr_train/610.jpg,22715
ocr_train/611.jpg,15718
ocr_train/612.jpg,137779
ocr_train/613.jpg,31128
ocr_train/614.jpg,96743
ocr_train/615.jpg,56478
ocr_train/616.jpg,72188
ocr_train/617.jpg,32415
ocr_train/618.jpg,35485
ocr_train/619.jpg,91298
ocr_train/620.jpg,51928
ocr_train/621.jpg,21073
ocr_train/622.jpg,30700
ocr_train/623.jpg,056863
ocr_train/624.jpg,75746
ocr_train/625.jpg,18951
ocr_train/626.jpg,43112
ocr_train/627.jpg,39069
ocr_train/628.jpg,59113
ocr_train/629.jpg,30671
ocr_train/630.jpg,49857
ocr_train/631.jpg,50606
ocr_train/632.jpg,82662
ocr_train/633.jpg,90932
ocr_train/634.jpg,80597
ocr_train/635.jpg,86754
ocr_train/636.jpg,44708
ocr_train/637.jpg,139966
ocr_train/638.jpg,50548
ocr_train/639.jpg,42400
ocr_train/640.jpg,109074
ocr_train/641.jpg,10219
ocr_train/642.jpg,82639
ocr_train/643.jpg,31495
ocr_train/644.jpg,89841
ocr_train/645.jpg,13323.8
ocr_train/646.jpg,096040
ocr_train/647.jpg,087630
ocr_train/648.jpg,38537
ocr_train/649.jpg,3549
ocr_train/650.jpg,19203
ocr_train/651.jpg,18348.1
ocr_train/652.jpg,97603
ocr_train/653.jpg,53849
ocr_train/654.jpg,12277
ocr_train/655.jpg,11874
ocr_train/656.jpg,27155
ocr_train/657.jpg,38160
ocr_train/658.jpg,11367
ocr_train/659.jpg,088455
ocr_train/660.jpg,49446
ocr_train/661.jpg,64800
ocr_train/662.jpg,8827
ocr_train/663.jpg,075069
ocr_train/664.jpg,77299
ocr_train/665.jpg,3441
ocr_train/666.jpg,29273
ocr_train/667.jpg,19041
ocr_train/668.jpg,13227
ocr_train/669.jpg,64752
ocr_train/670.jpg,14134
ocr_train/671.jpg,53949
ocr_train/672.jpg,27244
ocr_train/673.jpg,68598
ocr_train/674.jpg,87483
ocr_train/675.jpg,71245
ocr_train/676.jpg,81893
ocr_train/677.jpg,42469
ocr_train/678.jpg,78208
ocr_train/679.jpg,60123
ocr_train/680.jpg,39761
ocr_train/681.jpg,78201
ocr_train/682.jpg,113546
ocr_train/683.jpg,77317
ocr_train/684.jpg,60882
ocr_train/685.jpg,30980
ocr_train/686.jpg,105924
ocr_train/687.jpg,104283
ocr_train/688.jpg,47152
ocr_train/689.jpg,117550
ocr_train/690.jpg,76686
ocr_train/691.jpg,166644
ocr_train/692.jpg,75050
ocr_train/693.jpg,49470
ocr_train/694.jpg,41062
ocr_train/695.jpg,59312
ocr_train/696.jpg,18568
ocr_train/697.jpg,72809
ocr_train/698.jpg,4647
ocr_train/699.jpg,56622
ocr_train/700.jpg,22049
ocr_train/701.jpg,108406
ocr_train/702.jpg,111046
ocr_train/703.jpg,37078
ocr_train/704.jpg,105728
ocr_train/705.jpg,50836
ocr_train/706.jpg,72861
ocr_train/707.jpg,92745
ocr_train/708.jpg,50305
ocr_train/709.jpg,11974
ocr_train/710.jpg,35466
ocr_train/711.jpg,10165
ocr_train/712.jpg,113032
ocr_train/713.jpg,57830
ocr_train/714.jpg,49314
ocr_train/715.jpg,14897
ocr_train/716.jpg,79535
ocr_train/717.jpg,20338
ocr_train/718.jpg,27836
ocr_train/719.jpg,1909
ocr_train/720.jpg,13255
ocr_train/721.jpg,33857
ocr_train/722.jpg,1381.6
ocr_train/723.jpg,16159
ocr_train/724.jpg,89214
ocr_train/725.jpg,18011
ocr_train/726.jpg,92481
ocr_train/727.jpg,85294
ocr_train/728.jpg,32626
ocr_train/729.jpg,015303
ocr_train/730.jpg,70812
ocr_train/731.jpg,20323
ocr_train/732.jpg,63927
ocr_train/733.jpg,122806
ocr_train/734.jpg,45596
ocr_train/735.jpg,78897
ocr_train/736.jpg,50163
ocr_train/737.jpg,93368
ocr_train/738.jpg,90415
ocr_train/739.jpg,040427
ocr_train/740.jpg,29041
ocr_train/741.jpg,30834
ocr_train/742.jpg,13480
ocr_train/743.jpg,59230
ocr_train/744.jpg,51255
ocr_train/745.jpg,49047
ocr_train/746.jpg,165779
ocr_train/747.jpg,25847
ocr_train/748.jpg,17235
ocr_train/749.jpg,065957
ocr_train/750.jpg,42246
ocr_train/751.jpg,49769
ocr_train/752.jpg,52786
ocr_train/753.jpg,20570
ocr_train/754.jpg,8539
ocr_train/755.jpg,47234
ocr_train/756.jpg,20228
ocr_train/757.jpg,63500
ocr_train/758.jpg,47335
ocr_train/759.jpg,65237
ocr_train/760.jpg,075274
ocr_train/761.jpg,32268
ocr_train/762.jpg,44379
ocr_train/763.jpg,11366
ocr_train/764.jpg,75884
ocr_train/765.jpg,30741
ocr_train/766.jpg,20708
ocr_train/767.jpg,127902
ocr_train/768.jpg,113320
ocr_train/769.jpg,105633
ocr_train/770.jpg,102051
ocr_train/771.jpg,58359
ocr_train/772.jpg,24399
ocr_train/773.jpg,24436
ocr_train/774.jpg,61453
ocr_train/775.jpg,13266
ocr_train/776.jpg,65898
ocr_train/777.jpg,36270
ocr_train/778.jpg,54157
ocr_train/779.jpg,146434
ocr_train/780.jpg,100401
ocr_train/781.jpg,34742
ocr_train/782.jpg,25824
ocr_train/783.jpg,13546
ocr_train/784.jpg,61991
ocr_train/785.jpg,21621
ocr_train/786.jpg,063514
ocr_train/787.jpg,47729
ocr_train/788.jpg,15612
ocr_train/789.jpg,14109
ocr_train/790.jpg,15795
ocr_train/791.jpg,35342
ocr_train/792.jpg,066707
ocr_train/793.jpg,80292
ocr_train/794.jpg,23014
ocr_train/795.jpg,73189
ocr_train/796.jpg,64800
ocr_train/797.jpg,36561
ocr_train/798.jpg,87626
ocr_train/799.jpg,175906
ocr_train/800.jpg,83172
ocr_train/801.jpg,026847
ocr_train/802.jpg,20294
ocr_train/803.jpg,51983
ocr_train/804.jpg,37700
ocr_train/805.jpg,18417.0
ocr_train/806.jpg,104303
ocr_train/807.jpg,16410
ocr_train/808.jpg,20682
ocr_train/809.jpg,057478
ocr_train/810.jpg,101944
ocr_train/811.jpg,41257
ocr_train/812.jpg,18661
ocr_train/813.jpg,11820
ocr_train/814.jpg,620
ocr_train/815.jpg,35000
ocr_train/816.jpg,20355
ocr_train/817.jpg,48451
ocr_train/818.jpg,66679
ocr_train/819.jpg,50623
ocr_train/820.jpg,22958
ocr_train/821.jpg,105729
ocr_train/822.jpg,43973
ocr_train/823.jpg,78158
ocr_train/824.jpg,50538
ocr_train/825.jpg,75946
ocr_train/826.jpg,101458
ocr_train/827.jpg,057375
ocr_train/828.jpg,13035
ocr_train/829.jpg,68974
ocr_train/830.jpg,54215
ocr_train/831.jpg,21541
ocr_train/832.jpg,31073
ocr_train/833.jpg,34146
ocr_train/834.jpg,72293
ocr_train/835.jpg,68220
ocr_train/836.jpg,39862
ocr_train/837.jpg,91366
ocr_train/838.jpg,16417
ocr_train/839.jpg,85801
ocr_train/840.jpg,6688
ocr_train/841.jpg,90977
ocr_train/842.jpg,78881
ocr_train/843.jpg,37315
ocr_train/844.jpg,048245
ocr_train/845.jpg,14195
ocr_train/846.jpg,41259
ocr_train/847.jpg,31848
ocr_train/848.jpg,64201
ocr_train/849.jpg,99745
ocr_train/850.jpg,15066
ocr_train/851.jpg,34531
ocr_train/852.jpg,37470
ocr_train/853.jpg,30479
ocr_train/854.jpg,47496
ocr_train/855.jpg,67512
ocr_train/856.jpg,14803
ocr_train/857.jpg,59811
ocr_train/858.jpg,40560
ocr_train/859.jpg,44591
ocr_train/860.jpg,83651
ocr_train/861.jpg,51229
ocr_train/862.jpg,91063
ocr_train/863.jpg,11916
ocr_train/864.jpg,43154
ocr_train/865.jpg,90146
ocr_train/866.jpg,82619
ocr_train/867.jpg,80328
ocr_train/868.jpg,050793
ocr_train/869.jpg,81253
ocr_train/870.jpg,085305
ocr_train/871.jpg,13765
ocr_train/872.jpg,48571
ocr_train/873.jpg,53887
ocr_train/874.jpg,98010
ocr_train/875.jpg,59499
ocr_train/876.jpg,040150
ocr_train/877.jpg,46643
ocr_train/878.jpg,89213
ocr_train/879.jpg,53993
ocr_train/880.jpg,133475
ocr_train/881.jpg,80148
ocr_train/882.jpg,41059
ocr_train/883.jpg,23754
ocr_train/884.jpg,51986
ocr_train/885.jpg,64224
ocr_train/886.jpg,41812
ocr_train/887.jpg,35479
ocr_train/888.jpg,73966
ocr_train/889.jpg,9756
ocr_train/890.jpg,36635
ocr_train/891.jpg,24081
ocr_train/892.jpg,45015
ocr_train/893.jpg,39124
ocr_train/894.jpg,046180
ocr_train/895.jpg,050926
ocr_train/896.jpg,82020
ocr_train/897.jpg,82140
ocr_train/898.jpg,2106
ocr_train/899.jpg,25683
ocr_train/900.jpg,16167
ocr_train/901.jpg,54408
ocr_train/902.jpg,79998
ocr_train/903.jpg,109610
ocr_train/904.jpg,079366
ocr_train/905.jpg,80669
ocr_train/906.jpg,38264
ocr_train/907.jpg,080171
ocr_train/908.jpg,81825
ocr_train/909.jpg,36072
ocr_train/910.jpg,85594
ocr_train/911.jpg,72691
ocr_train/912.jpg,101862
ocr_train/913.jpg,0427460
ocr_train/914.jpg,50670
ocr_train/915.jpg,8957
ocr_train/916.jpg,48784
ocr_train/917.jpg,52220
ocr_train/918.jpg,54172
ocr_train/919.jpg,9205
ocr_train/920.jpg,65573
ocr_train/921.jpg,82278
ocr_train/922.jpg,047398
ocr_train/923.jpg,77735
ocr_train/924.jpg,69959
ocr_train/925.jpg,92482
ocr_train/926.jpg,175603
ocr_train/927.jpg,57035
ocr_train/928.jpg,148106
ocr_train/929.jpg,17738
ocr_train/930.jpg,52951
ocr_train/931.jpg,73139
ocr_train/932.jpg,74679
ocr_train/933.jpg,56122
ocr_train/934.jpg,75015
ocr_train/935.jpg,36016
ocr_train/936.jpg,78380
ocr_train/937.jpg,43628
ocr_train/938.jpg,026890
ocr_train/939.jpg,33259
ocr_train/940.jpg,119717
ocr_train/941.jpg,18525
ocr_train/942.jpg,53498
ocr_train/943.jpg,100684
ocr_train/944.jpg,4973
ocr_train/945.jpg,4572
ocr_train/946.jpg,88657
ocr_train/947.jpg,6906
ocr_train/948.jpg,39485
ocr_train/949.jpg,26884
ocr_train/950.jpg,0422832
ocr_train/951.jpg,24256
ocr_train/952.jpg,31684
ocr_train/953.jpg,55635
ocr_train/954.jpg,71733
ocr_train/955.jpg,22417
ocr_train/956.jpg,090810
ocr_train/957.jpg,106645
ocr_train/958.jpg,112853
ocr_train/959.jpg,27067
ocr_train/960.jpg,85331
ocr_train/961.jpg,22436
ocr_train/962.jpg,48841
ocr_train/963.jpg,83159
ocr_train/964.jpg,66537
ocr_train/965.jpg,69150
ocr_train/966.jpg,61907
ocr_train/967.jpg,74637
ocr_train/968.jpg,63412
ocr_train/969.jpg,70643
ocr_train/970.jpg,78358
ocr_train/971.jpg,98452
ocr_train/972.jpg,7714
ocr_train/973.jpg,4583
ocr_train/974.jpg,40216
ocr_train/975.jpg,129376
ocr_train/976.jpg,119847
ocr_train/977.jpg,72230
ocr_train/978.jpg,85251
ocr_train/979.jpg,103764
ocr_train/980.jpg,027879
ocr_train/981.jpg,6581
ocr_train/982.jpg,3056
ocr_train/983.jpg,46765
ocr_train/984.jpg,89760
ocr_train/985.jpg,126096
ocr_train/986.jpg,37067
ocr_train/987.jpg,107573
ocr_train/988.jpg,014744
ocr_train/989.jpg,11085
ocr_train/990.jpg,49179
ocr_train/991.jpg,56871
ocr_train/992.jpg,42131
ocr_train/993.jpg,10261
ocr_train/994.jpg,67625
ocr_train/995.jpg,41523
ocr_train/996.jpg,55640
ocr_train/997.jpg,68221
ocr_train/998.jpg,14695
ocr_train/999.jpg,134780
ocr_train/1000.jpg,38289
ocr_train/1001.jpg,150834
ocr_train/1002.jpg,28400
ocr_train/1003.jpg,50094
ocr_train/1004.jpg,034103
ocr_train/1005.jpg,094816
ocr_train/1006.jpg,2206
ocr_train/1007.jpg,63273
ocr_train/1008.jpg,29748
ocr_train/1009.jpg,0514182
ocr_train/1010.jpg,100976
ocr_train/1011.jpg,118055
ocr_train/1012.jpg,33200
ocr_train/1013.jpg,42470
ocr_train/1014.jpg,45380
ocr_train/1015.jpg,73040
ocr_train/1016.jpg,58944
ocr_train/1017.jpg,66165
ocr_train/1018.jpg,57065
ocr_train/1019.jpg,73384
ocr_train/1020.jpg,70116
ocr_train/1021.jpg,47548
ocr_train/1022.jpg,034685
ocr_train/1023.jpg,73245
ocr_train/1024.jpg,43668
ocr_train/1025.jpg,15745
ocr_train/1026.jpg,27722
ocr_train/1027.jpg,72290
ocr_train/1028.jpg,19474
ocr_train/1029.jpg,64103
ocr_train/1030.jpg,68613
ocr_train/1031.jpg,52095
ocr_train/1032.jpg,27133
ocr_train/1033.jpg,30502
ocr_train/1034.jpg,28020
ocr_train/1035.jpg,9186
ocr_train/1036.jpg,81000
ocr_train/1037.jpg,55639
ocr_train/1038.jpg,62998
ocr_train/1039.jpg,75482
ocr_train/1040.jpg,55512
ocr_train/1041.jpg,113144
ocr_train/1042.jpg,36876
ocr_train/1043.jpg,76352
ocr_train/1044.jpg,74118
ocr_train/1045.jpg,075572
ocr_train/1046.jpg,109144
ocr_train/1047.jpg,11453
ocr_train/1048.jpg,24483
ocr_train/1049.jpg,90730
ocr_train/1050.jpg,35115
ocr_train/1051.jpg,21880
ocr_train/1052.jpg,57387
ocr_train/1053.jpg,26516
ocr_train/1054.jpg,083856
ocr_train/1055.jpg,21238
ocr_train/1056.jpg,61670
ocr_train/1057.jpg,110615
ocr_train/1058.jpg,75685
ocr_train/1059.jpg,89689
ocr_train/1060.jpg,78828
ocr_train/1061.jpg,32622
ocr_train/1062.jpg,54352
ocr_train/1063.jpg,1455
ocr_train/1064.jpg,74102
ocr_train/1065.jpg,35711
ocr_train/1066.jpg,076114
ocr_train/1067.jpg,88533
ocr_train/1068.jpg,97593
ocr_train/1069.jpg,72244
ocr_train/1070.jpg,049958
ocr_train/1071.jpg,38573
ocr_train/1072.jpg,25677
ocr_train/1073.jpg,48450
ocr_train/1074.jpg,86450
ocr_train/1075.jpg,91064
ocr_train/1076.jpg,59377
ocr_train/1077.jpg,78409
ocr_train/1078.jpg,39759
ocr_train/1079.jpg,72656
ocr_train/1080.jpg,88131
ocr_train/1081.jpg,50595
ocr_train/1082.jpg,20712
ocr_train/1083.jpg,53434
ocr_train/1084.jpg,25208
ocr_train/1085.jpg,46038
ocr_train/1086.jpg,086260
ocr_train/1087.jpg,054074
ocr_train/1088.jpg,021438
ocr_train/1089.jpg,85207
ocr_train/1090.jpg,24115
ocr_train/1091.jpg,30060
ocr_train/1092.jpg,33181
ocr_train/1093.jpg,79304
ocr_train/1094.jpg,24172
ocr_train/1095.jpg,7298
ocr_train/1096.jpg,16541
ocr_train/1097.jpg,27549
ocr_train/1098.jpg,32885
ocr_train/1099.jpg,037507
ocr_train/1100.jpg,033599
ocr_train/1101.jpg,23754
ocr_train/1102.jpg,91948
ocr_train/1103.jpg,067844
ocr_train/1104.jpg,20169
ocr_train/1105.jpg,044552
ocr_train/1106.jpg,9654
ocr_train/1107.jpg,039025
ocr_train/1108.jpg,123335
ocr_train/1109.jpg,36533
ocr_train/1110.jpg,73427
ocr_train/1111.jpg,24248
ocr_train/1112.jpg,66541
ocr_train/1113.jpg,51330
ocr_train/1114.jpg,61327
ocr_train/1115.jpg,8036
ocr_train/1116.jpg,5042
ocr_train/1117.jpg,49545
ocr_train/1118.jpg,85647
ocr_train/1119.jpg,55334
ocr_train/1120.jpg,14434
ocr_train/1121.jpg,80798
ocr_train/1122.jpg,36449
ocr_train/1123.jpg,100481
ocr_train/1124.jpg,61105
ocr_train/1125.jpg,27112
ocr_train/1126.jpg,51929
ocr_train/1127.jpg,113353
ocr_train/1128.jpg,10574
ocr_train/1129.jpg,63974
ocr_train/1130.jpg,79689
ocr_train/1131.jpg,14224
ocr_train/1132.jpg,132881
ocr_train/1133.jpg,6255
ocr_train/1134.jpg,61104
ocr_train/1135.jpg,084706
ocr_train/1136.jpg,50870
ocr_train/1137.jpg,046888
ocr_train/1138.jpg,60565
ocr_train/1139.jpg,38245
ocr_train/1140.jpg,25502
ocr_train/1141.jpg,40268
ocr_train/1142.jpg,15485
ocr_train/1143.jpg,32643
ocr_train/1144.jpg,34060
ocr_train/1145.jpg,54734
ocr_train/1146.jpg,40298
ocr_train/1147.jpg,162086
ocr_train/1148.jpg,11589
ocr_train/1149.jpg,011797
ocr_train/1150.jpg,112890
ocr_train/1151.jpg,53396
ocr_train/1152.jpg,12372
ocr_train/1153.jpg,18262
ocr_train/1154.jpg,023014
ocr_train/1155.jpg,089213
ocr_train/1156.jpg,146541
ocr_train/1157.jpg,36300
ocr_train/1158.jpg,29752
ocr_train/1159.jpg,127165
ocr_train/1160.jpg,15002
ocr_train/1161.jpg,12572
ocr_train/1162.jpg,93500
ocr_train/1163.jpg,53827
ocr_train/1164.jpg,47579
ocr_train/1165.jpg,82171
ocr_train/1166.jpg,109673
ocr_train/1167.jpg,81600
ocr_train/1168.jpg,23351
ocr_train/1169.jpg,28308
ocr_train/1170.jpg,62479
ocr_train/1171.jpg,68171
ocr_train/1172.jpg,13246
ocr_train/1173.jpg,12687
ocr_train/1174.jpg,49595
ocr_train/1175.jpg,32771
ocr_train/1176.jpg,28563
ocr_train/1177.jpg,5974
ocr_train/1178.jpg,61609
ocr_train/1179.jpg,49266
ocr_train/1180.jpg,068290
ocr_train/1181.jpg,084274
ocr_train/1182.jpg,35637.6
ocr_train/1183.jpg,025460
ocr_train/1184.jpg,20711
ocr_train/1185.jpg,17436
ocr_train/1186.jpg,27991
ocr_train/1187.jpg,16892
ocr_train/1188.jpg,58394
ocr_train/1189.jpg,14081
ocr_train/1190.jpg,123927
ocr_train/1191.jpg,22757
ocr_train/1192.jpg,74693
ocr_train/1193.jpg,23074
ocr_train/1194.jpg,29117
ocr_train/1195.jpg,93143
ocr_train/1196.jpg,34988
ocr_train/1197.jpg,21233
ocr_train/1198.jpg,20056
ocr_train/1199.jpg,27618
ocr_train/1200.jpg,12135.7
ocr_train/1201.jpg,53718
ocr_train/1202.jpg,53174
ocr_train/1203.jpg,59027
ocr_train/1204.jpg,155838
ocr_train/1205.jpg,119778
ocr_train/1206.jpg,54637
ocr_train/1207.jpg,12843
ocr_train/1208.jpg,65078
ocr_train/1209.jpg,62217
ocr_train/1210.jpg,011596
ocr_train/1211.jpg,052600
ocr_train/1212.jpg,33961
ocr_train/1213.jpg,58250
ocr_train/1214.jpg,79443
ocr_train/1215.jpg,63229
ocr_train/1216.jpg,87107
ocr_train/1217.jpg,117440
ocr_train/1218.jpg,78095
ocr_train/1219.jpg,059915
ocr_train/1220.jpg,114584
ocr_train/1221.jpg,73015
ocr_train/1222.jpg,34797
ocr_train/1223.jpg,33789
ocr_train/1224.jpg,54991
ocr_train/1225.jpg,26679
ocr_train/1226.jpg,81978
ocr_train/1227.jpg,45547
ocr_train/1228.jpg,50631
ocr_train/1229.jpg,25420
ocr_train/1230.jpg,98549
ocr_train/1231.jpg,42865
ocr_train/1232.jpg,83819
ocr_train/1233.jpg,17595
ocr_train/1234.jpg,01785
ocr_train/1235.jpg,5843.9
ocr_train/1236.jpg,30362
ocr_train/1237.jpg,97775
ocr_train/1238.jpg,31257
ocr_train/1239.jpg,32413
ocr_train/1240.jpg,7028
ocr_train/1241.jpg,69384
ocr_train/1242.jpg,48270
ocr_train/1243.jpg,031056
ocr_train/1244.jpg,76704
ocr_train/1245.jpg,062308
ocr_train/1246.jpg,109462
ocr_train/1247.jpg,74046
ocr_train/1248.jpg,12583
ocr_train/1249.jpg,52105
ocr_train/1250.jpg,82388
ocr_train/1251.jpg,2368
ocr_train/1252.jpg,15714
ocr_train/1253.jpg,27154
ocr_train/1254.jpg,37633
ocr_train/1255.jpg,30961
ocr_train/1256.jpg,88529
ocr_train/1257.jpg,54040
ocr_train/1258.jpg,124691
ocr_train/1259.jpg,57524
ocr_train/1260.jpg,15024
ocr_train/1261.jpg,060513
ocr_train/1262.jpg,47103
ocr_train/1263.jpg,061606
ocr_train/1264.jpg,3688
ocr_train/1265.jpg,48184
ocr_train/1266.jpg,103363
ocr_train/1267.jpg,44485
ocr_train/1268.jpg,097341
ocr_train/1269.jpg,96440
ocr_train/1270.jpg,37484
ocr_train/1271.jpg,46474
ocr_train/1272.jpg,18773
ocr_train/1273.jpg,30552
ocr_train/1274.jpg,56579
ocr_train/1275.jpg,41536
ocr_train/1276.jpg,056047
ocr_train/1277.jpg,92882
ocr_train/1278.jpg,024694
ocr_train/1279.jpg,83924
ocr_train/1280.jpg,42762
ocr_train/1281.jpg,23629.3
ocr_train/1282.jpg,10675
ocr_train/1283.jpg,67044
ocr_train/1284.jpg,22308
ocr_train/1285.jpg,024502
ocr_train/1286.jpg,70040
ocr_train/1287.jpg,155313
ocr_train/1288.jpg,74033
ocr_train/1289.jpg,6134
ocr_train/1290.jpg,69533
ocr_train/1291.jpg,602
ocr_train/1292.jpg,83315
ocr_train/1293.jpg,65915
ocr_train/1294.jpg,15806
ocr_train/1295.jpg,72483
ocr_train/1296.jpg,6476
ocr_train/1297.jpg,23571
ocr_train/1298.jpg,43180
ocr_train/1299.jpg,21254
ocr_train/1300.jpg,54745
ocr_train/1301.jpg,066193
ocr_train/1302.jpg,033030
ocr_train/1303.jpg,53955
ocr_train/1304.jpg,12666
ocr_train/1305.jpg,65288
ocr_train/1306.jpg,73560
ocr_train/1307.jpg,106433
ocr_train/1308.jpg,68299
ocr_train/1309.jpg,11521
ocr_train/1310.jpg,41700
ocr_train/1311.jpg,060646
ocr_train/1312.jpg,42369
ocr_train/1313.jpg,73830
ocr_train/1314.jpg,89700
ocr_train/1315.jpg,104571
ocr_train/1316.jpg,97755
ocr_train/1317.jpg,46778
ocr_train/1318.jpg,36844
ocr_train/1319.jpg,94779
ocr_train/1320.jpg,92180
ocr_train/1321.jpg,157407
ocr_train/1322.jpg,88831
ocr_train/1323.jpg,44683
ocr_train/1324.jpg,105837
ocr_train/1325.jpg,052673
ocr_train/1326.jpg,77106
ocr_train/1327.jpg,23800
ocr_train/1328.jpg,94909
ocr_train/1329.jpg,14960
ocr_train/1330.jpg,114651
ocr_train/1331.jpg,094053
ocr_train/1332.jpg,22420
ocr_train/1333.jpg,62270
ocr_train/1334.jpg,18124.7
ocr_train/1335.jpg,0625667
ocr_train/1336.jpg,85223
ocr_train/1337.jpg,49937
ocr_train/1338.jpg,141279
ocr_train/1339.jpg,23484
ocr_train/1340.jpg,62625
ocr_train/1341.jpg,038206
ocr_train/1342.jpg,62312
ocr_train/1343.jpg,23584
ocr_train/1344.jpg,106330
ocr_train/1345.jpg,7444
ocr_train/1346.jpg,37411
ocr_train/1347.jpg,19391
ocr_train/1348.jpg,23766
ocr_train/1349.jpg,34701
ocr_train/1350.jpg,4413
ocr_train/1351.jpg,65293
ocr_train/1352.jpg,11329
ocr_train/1353.jpg,13177
ocr_train/1354.jpg,29478
ocr_train/1355.jpg,26415
ocr_train/1356.jpg,63633
ocr_train/1357.jpg,83069
ocr_train/1358.jpg,34908
ocr_train/1359.jpg,36879
ocr_train/1360.jpg,92180
ocr_train/1361.jpg,44216
ocr_train/1362.jpg,112083
ocr_train/1363.jpg,72246
ocr_train/1364.jpg,70860
ocr_train/1365.jpg,039395
ocr_train/1366.jpg,96258
ocr_train/1367.jpg,68833
ocr_train/1368.jpg,90942
ocr_train/1369.jpg,9351
ocr_train/1370.jpg,12775
ocr_train/1371.jpg,44435
ocr_train/1372.jpg,40697
ocr_train/1373.jpg,75658
ocr_train/1374.jpg,53193
ocr_train/1375.jpg,75132
ocr_train/1376.jpg,153194
ocr_train/1377.jpg,37855
ocr_train/1378.jpg,22114
ocr_train/1379.jpg,79891
ocr_train/1380.jpg,74757
ocr_train/1381.jpg,68557
ocr_train/1382.jpg,7828.2
ocr_train/1383.jpg,88959
ocr_train/1384.jpg,22520
ocr_train/1385.jpg,6207
ocr_train/1386.jpg,024322
ocr_train/1387.jpg,43413
ocr_train/1388.jpg,68811
ocr_train/1389.jpg,31205
ocr_train/1390.jpg,144194
ocr_train/1391.jpg,134447
ocr_train/1392.jpg,15199
ocr_train/1393.jpg,16561
ocr_train/1394.jpg,54582
ocr_train/1395.jpg,26231
ocr_train/1396.jpg,5
ocr_train/1397.jpg,65593
ocr_train/1398.jpg,106003
ocr_train/1399.jpg,9265
ocr_train/1400.jpg,82603
ocr_train/1401.jpg,12954
ocr_train/1402.jpg,025852
ocr_train/1403.jpg,69941
ocr_train/1404.jpg,7888.0
ocr_train/1405.jpg,57585
ocr_train/1406.jpg,036919
ocr_train/1407.jpg,60701
ocr_train/1408.jpg,47957
ocr_train/1409.jpg,32953
ocr_train/1410.jpg,84897
ocr_train/1411.jpg,24979
ocr_train/1412.jpg,65394
ocr_train/1413.jpg,036297
ocr_train/1414.jpg,45229
ocr_train/1415.jpg,2349.0
ocr_train/1416.jpg,117508
ocr_train/1417.jpg,117257
ocr_train/1418.jpg,043966
ocr_train/1419.jpg,57486
ocr_train/1420.jpg,43712
ocr_train/1421.jpg,76931
ocr_train/1422.jpg,32006
ocr_train/1423.jpg,57207
ocr_train/1424.jpg,19120
ocr_train/1425.jpg,76187
ocr_train/1426.jpg,61411.0
ocr_train/1427.jpg,69870
ocr_train/1428.jpg,9072
ocr_train/1429.jpg,15862
ocr_train/1430.jpg,29002
ocr_train/1431.jpg,108820
ocr_train/1432.jpg,24879.8
ocr_train/1433.jpg,34672
ocr_train/1434.jpg,66838
ocr_train/1435.jpg,9716
ocr_train/1436.jpg,107083
ocr_train/1437.jpg,058791
ocr_train/1438.jpg,57211
ocr_train/1439.jpg,24069
ocr_train/1440.jpg,029813
ocr_train/1441.jpg,45184
ocr_train/1442.jpg,96784
ocr_train/1443.jpg,114991
ocr_train/1444.jpg,52590
ocr_train/1445.jpg,90386
ocr_train/1446.jpg,101535
ocr_train/1447.jpg,17431
ocr_train/1448.jpg,113140
ocr_train/1449.jpg,074155
ocr_train/1450.jpg,4487
ocr_train/1451.jpg,004399
ocr_train/1452.jpg,17111
ocr_train/1453.jpg,18183
ocr_train/1454.jpg,77696
ocr_train/1455.jpg,47351
ocr_train/1456.jpg,013286
ocr_train/1457.jpg,45143
ocr_train/1458.jpg,33271
ocr_train/1459.jpg,91466
ocr_train/1460.jpg,28070
ocr_train/1461.jpg,61979
ocr_train/1462.jpg,63458
ocr_train/1463.jpg,81646
ocr_train/1464.jpg,131674
ocr_train/1465.jpg,79884
ocr_train/1466.jpg,55244
ocr_train/1467.jpg,110852
ocr_train/1468.jpg,21657
ocr_train/1469.jpg,96645
ocr_train/1470.jpg,87176
ocr_train/1471.jpg,18699
ocr_train/1472.jpg,8386.2
ocr_train/1473.jpg,46277
ocr_train/1474.jpg,18496
ocr_train/1475.jpg,3630
ocr_train/1476.jpg,83272
ocr_train/1477.jpg,16703
ocr_train/1478.jpg,16339
ocr_train/1479.jpg,089160
ocr_train/1480.jpg,88811
ocr_train/1481.jpg,4482
ocr_train/1482.jpg,015195
ocr_train/1483.jpg,86708
ocr_train/1484.jpg,69016
ocr_train/1485.jpg,36105
ocr_train/1486.jpg,13311
ocr_train/1487.jpg,95725
ocr_train/1488.jpg,108030
ocr_train/1489.jpg,36203
ocr_train/1490.jpg,7666
ocr_train/1491.jpg,91071
ocr_train/1492.jpg,53161
ocr_train/1493.jpg,86305
ocr_train/1494.jpg,54485
ocr_train/1495.jpg,58322
ocr_train/1496.jpg,40549
ocr_train/1497.jpg,147576
ocr_train/1498.jpg,057048
ocr_train/1499.jpg,7881
ocr_train/1500.jpg,027548
ocr_train/1501.jpg,33225
ocr_train/1502.jpg,55242
ocr_train/1503.jpg,19355
ocr_train/1504.jpg,11894
ocr_train/1505.jpg,34066
ocr_train/1506.jpg,51603
ocr_train/1507.jpg,56016
ocr_train/1508.jpg,17026
ocr_train/1509.jpg,74860
ocr_train/1510.jpg,37743
ocr_train/1511.jpg,6336
ocr_train/1512.jpg,85829
ocr_train/1513.jpg,74038
ocr_train/1514.jpg,27464
ocr_train/1515.jpg,38121
ocr_train/1516.jpg,71533
ocr_train/1517.jpg,64179
ocr_train/1518.jpg,72586
ocr_train/1519.jpg,6681
ocr_train/1520.jpg,65281
ocr_train/1521.jpg,20419
ocr_train/1522.jpg,19815
ocr_train/1523.jpg,18651
ocr_train/1524.jpg,73022
ocr_train/1525.jpg,57609
ocr_train/1526.jpg,34881
ocr_train/1527.jpg,46206
ocr_train/1528.jpg,58618
ocr_train/1529.jpg,67515
ocr_train/1530.jpg,15902
ocr_train/1531.jpg,11867
ocr_train/1532.jpg,55024
ocr_train/1533.jpg,3295
ocr_train/1534.jpg,37020
ocr_train/1535.jpg,2994.2
ocr_train/1536.jpg,113175
ocr_train/1537.jpg,67826
ocr_train/1538.jpg,61888
ocr_train/1539.jpg,13190
ocr_train/1540.jpg,17097
ocr_train/1541.jpg,036480
ocr_train/1542.jpg,12195
ocr_train/1543.jpg,35333
ocr_train/1544.jpg,43964
ocr_train/1545.jpg,94431
ocr_train/1546.jpg,58308
ocr_train/1547.jpg,072956
ocr_train/1548.jpg,9080
ocr_train/1549.jpg,88038
ocr_train/1550.jpg,67461
ocr_train/1551.jpg,59583
ocr_train/1552.jpg,79114
ocr_train/1553.jpg,30491
ocr_train/1554.jpg,139202
ocr_train/1555.jpg,042131
ocr_train/1556.jpg,28106
ocr_train/1557.jpg,110737
ocr_train/1558.jpg,89996
ocr_train/1559.jpg,81415
ocr_train/1560.jpg,41327
ocr_train/1561.jpg,110910
ocr_train/1562.jpg,8563
ocr_train/1563.jpg,67487
ocr_train/1564.jpg,12635
ocr_train/1565.jpg,14820
ocr_train/1566.jpg,13557
ocr_train/1567.jpg,095352
ocr_train/1568.jpg,78368
ocr_train/1569.jpg,61247
ocr_train/1570.jpg,021992
ocr_train/1571.jpg,18072
ocr_train/1572.jpg,45614
ocr_train/1573.jpg,87228
ocr_train/1574.jpg,35579
ocr_train/1575.jpg,662
ocr_train/1576.jpg,81554
ocr_train/1577.jpg,68764
ocr_train/1578.jpg,52167
ocr_train/1579.jpg,065242
ocr_train/1580.jpg,36392
ocr_train/1581.jpg,97154
ocr_train/1582.jpg,29300
ocr_train/1583.jpg,47608
ocr_train/1584.jpg,57833
ocr_train/1585.jpg,38538
ocr_train/1586.jpg,42737
ocr_train/1587.jpg,22170
ocr_train/1588.jpg,71517
ocr_train/1589.jpg,41317
ocr_train/1590.jpg,15122
ocr_train/1591.jpg,69004
ocr_train/1592.jpg,056837
ocr_train/1593.jpg,12275
ocr_train/1594.jpg,58067
ocr_train/1595.jpg,40124
ocr_train/1596.jpg,52850
ocr_train/1597.jpg,15068
ocr_train/1598.jpg,070459
ocr_train/1599.jpg,39877
ocr_train/1600.jpg,69977
ocr_train/1601.jpg,33767
ocr_train/1602.jpg,71014
ocr_train/1603.jpg,043528
ocr_train/1604.jpg,55051
ocr_train/1605.jpg,056646
ocr_train/1606.jpg,67119
ocr_train/1607.jpg,023555
ocr_train/1608.jpg,58628
ocr_train/1609.jpg,34776
ocr_train/1610.jpg,85323
ocr_train/1611.jpg,57523
ocr_train/1612.jpg,71970
ocr_train/1613.jpg,51803
ocr_train/1614.jpg,31191
ocr_train/1615.jpg,90062
ocr_train/1616.jpg,86744
ocr_train/1617.jpg,23320
ocr_train/1618.jpg,77307
ocr_train/1619.jpg,65422
ocr_train/1620.jpg,92540
ocr_train/1621.jpg,17486
ocr_train/1622.jpg,106719
ocr_train/1623.jpg,73447
ocr_train/1624.jpg,60540
ocr_train/1625.jpg,26256
ocr_train/1626.jpg,106364
ocr_train/1627.jpg,38989
ocr_train/1628.jpg,30185
ocr_train/1629.jpg,19284
ocr_train/1630.jpg,41642
ocr_train/1631.jpg,39756
ocr_train/1632.jpg,33300
ocr_train/1633.jpg,56547
ocr_train/1634.jpg,104251
ocr_train/1635.jpg,47503
ocr_train/1636.jpg,62783
ocr_train/1637.jpg,66987
ocr_train/1638.jpg,18849
ocr_train/1639.jpg,138200
ocr_train/1640.jpg,049555
ocr_train/1641.jpg,63708
ocr_train/1642.jpg,26550
ocr_train/1643.jpg,123061
ocr_train/1644.jpg,9616
ocr_train/1645.jpg,107551
ocr_train/1646.jpg,22990
ocr_train/1647.jpg,75520
ocr_train/1648.jpg,050556
ocr_train/1649.jpg,79129
ocr_train/1650.jpg,78843
ocr_train/1651.jpg,4275
ocr_train/1652.jpg,095487
ocr_train/1653.jpg,23844
ocr_train/1654.jpg,25617
ocr_train/1655.jpg,64766
ocr_train/1656.jpg,47714
ocr_train/1657.jpg,67767
ocr_train/1658.jpg,37247
ocr_train/1659.jpg,161128
ocr_train/1660.jpg,68897
ocr_train/1661.jpg,65341
ocr_train/1662.jpg,34959
ocr_train/1663.jpg,115691
ocr_train/1664.jpg,79298
ocr_train/1665.jpg,133775
ocr_train/1666.jpg,85653
ocr_train/1667.jpg,71811
ocr_train/1668.jpg,94678
ocr_train/1669.jpg,82733
ocr_train/1670.jpg,48351
ocr_train/1671.jpg,60476
ocr_train/1672.jpg,85989
ocr_train/1673.jpg,30539
ocr_train/1674.jpg,85443
ocr_train/1675.jpg,8264
ocr_train/1676.jpg,80682
ocr_train/1677.jpg,58460
ocr_train/1678.jpg,11892
ocr_train/1679.jpg,15838.0
ocr_train/1680.jpg,88891
ocr_train/1681.jpg,51388
ocr_train/1682.jpg,77298
ocr_train/1683.jpg,19424
ocr_train/1684.jpg,92983
ocr_train/1685.jpg,19931
ocr_train/1686.jpg,106024
ocr_train/1687.jpg,722
ocr_train/1688.jpg,94228
ocr_train/1689.jpg,24034
ocr_train/1690.jpg,78059
ocr_train/1691.jpg,76154
ocr_train/1692.jpg,130844
ocr_train/1693.jpg,7596
ocr_train/1694.jpg,35094
ocr_train/1695.jpg,81634
ocr_train/1696.jpg,39500
ocr_train/1697.jpg,105593
ocr_train/1698.jpg,72637
ocr_train/1699.jpg,91553
ocr_train/1700.jpg,058773
ocr_train/1701.jpg,66593
ocr_train/1702.jpg,13732
ocr_train/1703.jpg,022944
ocr_train/1704.jpg,50559
ocr_train/1705.jpg,34264
ocr_train/1706.jpg,30483
ocr_train/1707.jpg,72892
ocr_train/1708.jpg,25020
ocr_train/1709.jpg,27321
ocr_train/1710.jpg,041925
ocr_train/1711.jpg,056123
ocr_train/1712.jpg,82782
ocr_train/1713.jpg,76950
ocr_train/1714.jpg,60300
ocr_train/1715.jpg,10083
ocr_train/1716.jpg,46853
ocr_train/1717.jpg,81373
ocr_train/1718.jpg,111347
ocr_train/1719.jpg,124956
ocr_train/1720.jpg,27251
ocr_train/1721.jpg,127717
ocr_train/1722.jpg,75412
ocr_train/1723.jpg,54325.2
ocr_train/1724.jpg,117073
ocr_train/1725.jpg,120305
ocr_train/1726.jpg,1037374
ocr_train/1727.jpg,143250
ocr_train/1728.jpg,107450
ocr_train/1729.jpg,17488
ocr_train/1730.jpg,140923
ocr_train/1731.jpg,145121
ocr_train/1732.jpg,35721
ocr_train/1733.jpg,4352
ocr_train/1734.jpg,93155
ocr_train/1735.jpg,8915
ocr_train/1736.jpg,54583
ocr_train/1737.jpg,28356
ocr_train/1738.jpg,128297
ocr_train/1739.jpg,16.8
ocr_train/1740.jpg,72930
ocr_train/1741.jpg,38468
ocr_train/1742.jpg,83531
ocr_train/1743.jpg,60804
ocr_train/1744.jpg,3403
ocr_train/1745.jpg,099517
ocr_train/1746.jpg,4661
ocr_train/1747.jpg,13922
ocr_train/1748.jpg,50993
ocr_train/1749.jpg,73011
ocr_train/1750.jpg,11115
ocr_train/1751.jpg,89757
ocr_train/1752.jpg,21787
ocr_train/1753.jpg,2013.8
ocr_train/1754.jpg,21267
ocr_train/1755.jpg,91744
ocr_train/1756.jpg,89069
ocr_train/1757.jpg,61265
ocr_train/1758.jpg,73099
ocr_train/1759.jpg,91
ocr_train/1760.jpg,10888
ocr_train/1761.jpg,12325
ocr_train/1762.jpg,69084
ocr_train/1763.jpg,17053
ocr_train/1764.jpg,70329
ocr_train/1765.jpg,46730
ocr_train/1766.jpg,131213
ocr_train/1767.jpg,21918
ocr_train/1768.jpg,58039
ocr_train/1769.jpg,319528
ocr_train/1770.jpg,83598
ocr_train/1771.jpg,91845
ocr_train/1772.jpg,102533
ocr_train/1773.jpg,113827
ocr_train/1774.jpg,095926
ocr_train/1775.jpg,22083
ocr_train/1776.jpg,18141
ocr_train/1777.jpg,66967
ocr_train/1778.jpg,15546
ocr_train/1779.jpg,1016
ocr_train/1780.jpg,36580
ocr_train/1781.jpg,78592
ocr_train/1782.jpg,072136
ocr_train/1783.jpg,018892
ocr_train/1784.jpg,50491
ocr_train/1785.jpg,15639
ocr_train/1786.jpg,24572
ocr_train/1787.jpg,98320
ocr_train/1788.jpg,34082
ocr_train/1789.jpg,48424
ocr_train/1790.jpg,21979
ocr_train/1791.jpg,3398
ocr_train/1793.jpg,27295
ocr_train/1794.jpg,62375
ocr_train/1795.jpg,39590
ocr_train/1796.jpg,43899
ocr_train/1797.jpg,26981
ocr_train/1798.jpg,58278
ocr_train/1799.jpg,39490
ocr_train/1800.jpg,97023
ocr_train/1801.jpg,89393
ocr_train/1802.jpg,043229
ocr_train/1803.jpg,46024
ocr_train/1804.jpg,77166
ocr_train/1805.jpg,29695
ocr_train/1806.jpg,26983
ocr_train/1807.jpg,48813.6
ocr_train/1808.jpg,14344
ocr_train/1809.jpg,113722
ocr_train/1810.jpg,54760
ocr_train/1811.jpg,59186
ocr_train/1812.jpg,9063
ocr_train/1813.jpg,057692
ocr_train/1814.jpg,28079
ocr_train/1815.jpg,14829
ocr_train/1816.jpg,9319
ocr_train/1817.jpg,12771
ocr_train/1818.jpg,81472
ocr_train/1819.jpg,075425
ocr_train/1820.jpg,73026
ocr_train/1821.jpg,17665
ocr_train/1822.jpg,102669
ocr_train/1823.jpg,5961
ocr_train/1824.jpg,28189
ocr_train/1825.jpg,37019
ocr_train/1826.jpg,89276
ocr_train/1827.jpg,40428
ocr_train/1828.jpg,6698
ocr_train/1829.jpg,026515
ocr_train/1830.jpg,118709
ocr_train/1831.jpg,43844
ocr_train/1832.jpg,11987
ocr_train/1833.jpg,24948
ocr_train/1834.jpg,055383
ocr_train/1835.jpg,129701
ocr_train/1836.jpg,36767
ocr_train/1837.jpg,94407
ocr_train/1838.jpg,48496
ocr_train/1839.jpg,19752
ocr_train/1840.jpg,058775
ocr_train/1841.jpg,53194
ocr_train/1842.jpg,67728
ocr_train/1843.jpg,94035
ocr_train/1844.jpg,28754
ocr_train/1845.jpg,136736
ocr_train/1847.jpg,46227
ocr_train/1848.jpg,65527
ocr_train/1849.jpg,101482
ocr_train/1850.jpg,50606
ocr_train/1851.jpg,124155
ocr_train/1852.jpg,121262
ocr_train/1853.jpg,85533
ocr_train/1854.jpg,32093
ocr_train/1855.jpg,93173
ocr_train/1856.jpg,090396
ocr_train/1857.jpg,21578
ocr_train/1858.jpg,60017
ocr_train/1859.jpg,53703
ocr_train/1860.jpg,145252
ocr_train/1861.jpg,076176
ocr_train/1862.jpg,63165
ocr_train/1863.jpg,44247
ocr_train/1864.jpg,078699
ocr_train/1865.jpg,50519
ocr_train/1866.jpg,90488
ocr_train/1867.jpg,43832
ocr_train/1868.jpg,77470
ocr_train/1869.jpg,70814
ocr_train/1870.jpg,24107
ocr_train/1871.jpg,0185
ocr_train/1872.jpg,28986
ocr_train/1873.jpg,79471
ocr_train/1874.jpg,62160
ocr_train/1875.jpg,26838
ocr_train/1876.jpg,50290
ocr_train/1877.jpg,33515
ocr_train/1878.jpg,64122
ocr_train/1879.jpg,10366
ocr_train/1880.jpg,16923
ocr_train/1881.jpg,68453
ocr_train/1882.jpg,042883
ocr_train/1883.jpg,22989
ocr_train/1884.jpg,070325
ocr_train/1885.jpg,23303
ocr_train/1886.jpg,124890
ocr_train/1887.jpg,116247
ocr_train/1888.jpg,78269
ocr_train/1889.jpg,65157
ocr_train/1890.jpg,62747
ocr_train/1891.jpg,084018
ocr_train/1892.jpg,62790
ocr_train/1893.jpg,68215
ocr_train/1894.jpg,84206
ocr_train/1895.jpg,50655
ocr_train/1896.jpg,91031
ocr_train/1897.jpg,14876
ocr_train/1898.jpg,3697
ocr_train/1899.jpg,130714
ocr_train/1900.jpg,83366
ocr_train/1901.jpg,78230
ocr_train/1902.jpg,67680
ocr_train/1903.jpg,30664
ocr_train/1904.jpg,69235
ocr_train/1905.jpg,42402
ocr_train/1906.jpg,92772
ocr_train/1907.jpg,13644
ocr_train/1908.jpg,45770.7
ocr_train/1909.jpg,15018
ocr_train/1910.jpg,128727
ocr_train/1911.jpg,62151
ocr_train/1912.jpg,89598
ocr_train/1913.jpg,134148
ocr_train/1914.jpg,37905
ocr_train/1915.jpg,138258
ocr_train/1916.jpg,26299
ocr_train/1917.jpg,101132
ocr_train/1918.jpg,100883
ocr_train/1919.jpg,7794
ocr_train/1920.jpg,31385
ocr_train/1921.jpg,76925
ocr_train/1922.jpg,81603
ocr_train/1923.jpg,67872
ocr_train/1924.jpg,034823
ocr_train/1925.jpg,30008
ocr_train/1926.jpg,089507
ocr_train/1927.jpg,60210
ocr_train/1928.jpg,27241
ocr_train/1929.jpg,55733
ocr_train/1930.jpg,85694
ocr_train/1931.jpg,78608
ocr_train/1932.jpg,7019
ocr_train/1933.jpg,53192
ocr_train/1934.jpg,25385
ocr_train/1935.jpg,80277
ocr_train/1936.jpg,058706
ocr_train/1937.jpg,40590
ocr_train/1938.jpg,058698
ocr_train/1939.jpg,1452
ocr_train/1940.jpg,35425
ocr_train/1941.jpg,15579
ocr_train/1942.jpg,106889
ocr_train/1943.jpg,21536
ocr_train/1944.jpg,35745
ocr_train/1945.jpg,50660
ocr_train/1946.jpg,103219
ocr_train/1947.jpg,90875
ocr_train/1948.jpg,027295
ocr_train/1949.jpg,055738
ocr_train/1950.jpg,85681
ocr_train/1951.jpg,97688
ocr_train/1952.jpg,37382
ocr_train/1953.jpg,37193
ocr_train/1954.jpg,122068
ocr_train/1955.jpg,117434
ocr_train/1956.jpg,52229
ocr_train/1957.jpg,80004
ocr_train/1958.jpg,41009
ocr_train/1959.jpg,42888
ocr_train/1960.jpg,57460
ocr_train/1961.jpg,3994
ocr_train/1962.jpg,36052
ocr_train/1963.jpg,037267
ocr_train/1964.jpg,27597
ocr_train/1965.jpg,69565
ocr_train/1966.jpg,22013
ocr_train/1967.jpg,039685
ocr_train/1968.jpg,71602
ocr_train/1969.jpg,85359
ocr_train/1970.jpg,37014
ocr_train/1971.jpg,140010
ocr_train/1972.jpg,19149
ocr_train/1973.jpg,51519
ocr_train/1974.jpg,34425
ocr_train/1975.jpg,55096
ocr_train/1976.jpg,30399
ocr_train/1977.jpg,73289
ocr_train/1978.jpg,32557
ocr_train/1979.jpg,18719
ocr_train/1980.jpg,15946
ocr_train/1981.jpg,74566
ocr_train/1982.jpg,91716
ocr_train/1983.jpg,89445
ocr_train/1984.jpg,58012
ocr_train/1985.jpg,84775
ocr_train/1986.jpg,62706
ocr_train/1987.jpg,44735
ocr_train/1988.jpg,127516
ocr_train/1989.jpg,48.2
ocr_train/1990.jpg,072954
ocr_train/1991.jpg,27777
ocr_train/1992.jpg,47496
ocr_train/1993.jpg,94790
ocr_train/1994.jpg,33977
ocr_train/1995.jpg,16931
ocr_train/1996.jpg,97470
ocr_train/1997.jpg,25652
ocr_train/1998.jpg,88374
ocr_train/1999.jpg,74593
ocr_train/2000.jpg,56327
ocr_train/2001.jpg,4945
ocr_train/2002.jpg,51155
ocr_train/2003.jpg,16998
ocr_train/2004.jpg,128332
ocr_train/2005.jpg,54302
ocr_train/2006.jpg,49247
ocr_train/2007.jpg,087057
ocr_train/2008.jpg,051594
ocr_train/2009.jpg,21321
ocr_train/2010.jpg,7088
ocr_train/2011.jpg,71553
ocr_train/2012.jpg,23205
ocr_train/2013.jpg,94981
ocr_train/2014.jpg,40628
ocr_train/2015.jpg,20244
ocr_train/2016.jpg,54659
ocr_train/2017.jpg,122750
ocr_train/2018.jpg,18124
ocr_train/2019.jpg,65603
ocr_train/2020.jpg,47782
ocr_train/2021.jpg,56011
ocr_train/2022.jpg,11606
ocr_train/2023.jpg,61345
ocr_train/2024.jpg,4850
ocr_train/2025.jpg,103527
ocr_train/2026.jpg,013275
ocr_train/2027.jpg,083829
ocr_train/2028.jpg,97860
ocr_train/2029.jpg,44190
ocr_train/2030.jpg,49131
ocr_train/2031.jpg,84568
ocr_train/2032.jpg,70472
ocr_train/2033.jpg,76113
ocr_train/2034.jpg,55293
ocr_train/2035.jpg,102192
ocr_train/2036.jpg,34262
ocr_train/2037.jpg,16149
ocr_train/2038.jpg,126655
ocr_train/2039.jpg,11555
ocr_train/2040.jpg,41850
ocr_train/2041.jpg,57419
ocr_train/2042.jpg,19472
ocr_train/2043.jpg,24139
ocr_train/2044.jpg,82626
ocr_train/2045.jpg,32997
ocr_train/2046.jpg,1042
ocr_train/2047.jpg,80356
ocr_train/2048.jpg,16739.3
ocr_train/2049.jpg,95219
ocr_train/2050.jpg,20296
ocr_train/2051.jpg,098649
ocr_train/2052.jpg,74220
ocr_train/2053.jpg,53115
ocr_train/2054.jpg,118549
ocr_train/2055.jpg,27164
ocr_train/2056.jpg,97382
ocr_train/2057.jpg,140839
ocr_train/2058.jpg,14865
ocr_train/2059.jpg,23500
ocr_train/2060.jpg,029191
ocr_train/2061.jpg,7309
ocr_train/2062.jpg,54732
ocr_train/2063.jpg,64246
ocr_train/2064.jpg,30520
ocr_train/2065.jpg,63527
ocr_train/2066.jpg,94644
ocr_train/2067.jpg,140686
ocr_train/2068.jpg,50282
ocr_train/2069.jpg,29079
ocr_train/2070.jpg,50879
ocr_train/2071.jpg,087077
ocr_train/2072.jpg,55801
ocr_train/2073.jpg,046705
ocr_train/2074.jpg,7729
ocr_train/2075.jpg,76676
ocr_train/2076.jpg,22481
ocr_train/2077.jpg,69111
ocr_train/2078.jpg,5992
ocr_train/2079.jpg,97133
ocr_train/2080.jpg,48920
ocr_train/2081.jpg,30021
ocr_train/2082.jpg,17579
ocr_train/2083.jpg,17234.7
ocr_train/2084.jpg,33831
ocr_train/2085.jpg,75420
ocr_train/2086.jpg,41080
ocr_train/2087.jpg,100601
ocr_train/2088.jpg,94043
ocr_train/2089.jpg,23843
ocr_train/2090.jpg,28197
ocr_train/2091.jpg,21364
ocr_train/2092.jpg,108946
ocr_train/2093.jpg,142727
ocr_train/2094.jpg,73431
ocr_train/2095.jpg,70631
ocr_train/2096.jpg,38464
ocr_train/2097.jpg,4057
ocr_train/2098.jpg,83186
ocr_train/2099.jpg,38269
ocr_train/2100.jpg,55001
ocr_train/2101.jpg,82437
ocr_train/2102.jpg,30394
ocr_train/2103.jpg,124960
ocr_train/2104.jpg,24518
ocr_train/2105.jpg,18722
ocr_train/2106.jpg,8899
ocr_train/2107.jpg,13223
ocr_train/2108.jpg,62218
ocr_train/2109.jpg,81591
ocr_train/2110.jpg,78450
ocr_train/2111.jpg,074661
ocr_train/2112.jpg,140166
ocr_train/2113.jpg,34117
ocr_train/2114.jpg,15049
ocr_train/2115.jpg,47414
ocr_train/2116.jpg,83386
ocr_train/2117.jpg,34382
ocr_train/2118.jpg,35121
ocr_train/2119.jpg,134291
ocr_train/2120.jpg,030584
ocr_train/2121.jpg,56137
ocr_train/2122.jpg,105204
ocr_train/2123.jpg,104090
ocr_train/2124.jpg,121680
ocr_train/2125.jpg,97037
ocr_train/2126.jpg,47438
ocr_train/2127.jpg,28370
ocr_train/2128.jpg,091545
ocr_train/2129.jpg,24767
ocr_train/2130.jpg,11834
ocr_train/2131.jpg,94683
ocr_train/2132.jpg,21123
ocr_train/2133.jpg,32965
ocr_train/2134.jpg,85562
ocr_train/2135.jpg,13346
ocr_train/2136.jpg,59012.5
ocr_train/2137.jpg,54952
ocr_train/2138.jpg,30955
ocr_train/2139.jpg,35059
ocr_train/2140.jpg,17491
ocr_train/2141.jpg,59769
ocr_train/2142.jpg,51542
ocr_train/2143.jpg,99249
ocr_train/2144.jpg,86482
ocr_train/2145.jpg,73602
ocr_train/2146.jpg,55223
ocr_train/2147.jpg,42865
ocr_train/2148.jpg,31941
ocr_train/2149.jpg,114756
ocr_train/2150.jpg,148020
ocr_train/2151.jpg,64154
ocr_train/2152.jpg,40588
ocr_train/2153.jpg,51701
ocr_train/2154.jpg,146009
ocr_train/2155.jpg,120656
ocr_train/2156.jpg,39877
ocr_train/2157.jpg,083899
ocr_train/2158.jpg,33073
ocr_train/2159.jpg,19585
ocr_train/2160.jpg,119667
ocr_train/2161.jpg,20506
ocr_train/2162.jpg,22680
ocr_train/2163.jpg,61751
ocr_train/2164.jpg,87494
ocr_train/2165.jpg,87413
ocr_train/2166.jpg,131371
ocr_train/2167.jpg,78335
ocr_train/2168.jpg,35180
ocr_train/2169.jpg,64515
ocr_train/2170.jpg,6598
ocr_train/2171.jpg,31121
ocr_train/2172.jpg,44479.0
ocr_train/2173.jpg,12828
ocr_train/2174.jpg,30159
ocr_train/2175.jpg,035277
ocr_train/2176.jpg,74358
ocr_train/2177.jpg,17295
ocr_train/2178.jpg,48348
ocr_train/2179.jpg,85200
ocr_train/2180.jpg,19360
ocr_train/2181.jpg,76528
ocr_train/2182.jpg,159038
ocr_train/2183.jpg,139
ocr_train/2184.jpg,44152
ocr_train/2185.jpg,113.0
ocr_train/2186.jpg,046932
ocr_train/2187.jpg,066651
ocr_train/2188.jpg,090188
ocr_train/2189.jpg,115405
ocr_train/2190.jpg,65940
ocr_train/2191.jpg,36835
ocr_train/2192.jpg,66010
ocr_train/2193.jpg,74883
ocr_train/2194.jpg,119241
ocr_train/2195.jpg,43996
ocr_train/2196.jpg,052083
ocr_train/2197.jpg,20331
ocr_train/2198.jpg,63045
ocr_train/2199.jpg,36284
ocr_train/2200.jpg,130164
ocr_train/2201.jpg,86834
ocr_train/2202.jpg,49457
ocr_train/2203.jpg,38157
ocr_train/2204.jpg,71398
ocr_train/2205.jpg,049789
ocr_train/2206.jpg,79281
ocr_train/2207.jpg,039981
ocr_train/2208.jpg,52983
ocr_train/2209.jpg,63727
ocr_train/2210.jpg,96972
ocr_train/2211.jpg,86215
ocr_train/2212.jpg,30431
ocr_train/2213.jpg,144347
ocr_train/2214.jpg,93425
ocr_train/2215.jpg,54616
ocr_train/2216.jpg,092847
ocr_train/2217.jpg,88263
ocr_train/2218.jpg,25269
ocr_train/2219.jpg,102194
ocr_train/2220.jpg,135091
ocr_train/2221.jpg,59510
ocr_train/2222.jpg,112306
ocr_train/2223.jpg,119274
ocr_train/2224.jpg,035910
ocr_train/2225.jpg,60075
ocr_train/2226.jpg,63297
ocr_train/2227.jpg,19056
ocr_train/2228.jpg,33651
ocr_train/2229.jpg,15933
ocr_train/2230.jpg,73854
ocr_train/2231.jpg,70739
ocr_train/2232.jpg,8795
ocr_train/2233.jpg,12586
ocr_train/2234.jpg,32026
ocr_train/2235.jpg,13763
ocr_train/2236.jpg,74485
ocr_train/2237.jpg,76323
ocr_train/2238.jpg,75777
ocr_train/2239.jpg,89405
ocr_train/2240.jpg,52249
ocr_train/2241.jpg,67709
ocr_train/2242.jpg,52283
ocr_train/2243.jpg,59892
ocr_train/2244.jpg,63997
ocr_train/2245.jpg,51157.3
ocr_train/2246.jpg,58428
ocr_train/2247.jpg,5083
ocr_train/2248.jpg,71332
ocr_train/2249.jpg,33263
ocr_train/2250.jpg,109145
ocr_train/2251.jpg,21491
ocr_train/2252.jpg,062747
ocr_train/2253.jpg,33637
ocr_train/2254.jpg,56682
ocr_train/2255.jpg,98011
ocr_train/2256.jpg,42712
ocr_train/2257.jpg,63424
ocr_train/2258.jpg,71404
ocr_train/2259.jpg,11485
ocr_train/2260.jpg,32488
ocr_train/2261.jpg,6435
ocr_train/2262.jpg,32067
ocr_train/2263.jpg,121803
ocr_train/2264.jpg,6267
ocr_train/2265.jpg,22989
ocr_train/2266.jpg,69222
ocr_train/2267.jpg,46613
ocr_train/2268.jpg,36713
ocr_train/2269.jpg,86619
ocr_train/2270.jpg,106936
ocr_train/2271.jpg,772
ocr_train/2272.jpg,19667
ocr_train/2273.jpg,142843
ocr_train/2274.jpg,22862
ocr_train/2275.jpg,115471
ocr_train/2276.jpg,34707
ocr_train/2277.jpg,11480
ocr_train/2278.jpg,226939
ocr_train/2279.jpg,7773
ocr_train/2280.jpg,80803
ocr_train/2281.jpg,2597
ocr_train/2282.jpg,24126
ocr_train/2283.jpg,36966
ocr_train/2284.jpg,038514
ocr_train/2285.jpg,30407
ocr_train/2286.jpg,106206
ocr_train/2287.jpg,84970
ocr_train/2288.jpg,65346
ocr_train/2289.jpg,31392
ocr_train/2290.jpg,44952
ocr_train/2291.jpg,90735
ocr_train/2292.jpg,88907
ocr_train/2293.jpg,79908
ocr_train/2294.jpg,41585
ocr_train/2295.jpg,49354 
ocr_train/2296.jpg,44791
ocr_train/2297.jpg,80710
ocr_train/2298.jpg,104471
ocr_train/2299.jpg,80174
ocr_train/2300.jpg,1416
ocr_train/2301.jpg,099527
ocr_train/2302.jpg,137774
ocr_train/2303.jpg,55904
ocr_train/2304.jpg,1327.0
ocr_train/2305.jpg,8374
ocr_train/2306.jpg,48739
ocr_train/2307.jpg,37529
ocr_train/2308.jpg,26050
ocr_train/2309.jpg,25752
ocr_train/2310.jpg,75898
ocr_train/2311.jpg,21569
ocr_train/2312.jpg,63405
ocr_train/2313.jpg,41399
ocr_train/2314.jpg,98021
ocr_train/2315.jpg,127884
ocr_train/2316.jpg,55158
ocr_train/2317.jpg,29878
ocr_train/2318.jpg,21852
ocr_train/2319.jpg,32684
ocr_train/2320.jpg,40264
ocr_train/2321.jpg,145387
ocr_train/2322.jpg,94094
ocr_train/2323.jpg,10686
ocr_train/2324.jpg,140293
ocr_train/2325.jpg,47654
ocr_train/2326.jpg,75509
ocr_train/2327.jpg,70482
ocr_train/2328.jpg,23069
ocr_train/2329.jpg,51223
ocr_train/2330.jpg,71571
ocr_train/2331.jpg,10433
ocr_train/2332.jpg,53859
ocr_train/2333.jpg,103604
ocr_train/2334.jpg,77016
ocr_train/2335.jpg,119670
ocr_train/2336.jpg,43921
ocr_train/2337.jpg,27400
ocr_train/2338.jpg,79622
ocr_train/2339.jpg,46402
ocr_train/2340.jpg,39177
ocr_train/2341.jpg,91097
ocr_train/2342.jpg,47910
ocr_train/2343.jpg,67954
ocr_train/2344.jpg,36730
ocr_train/2345.jpg,79868
ocr_train/2346.jpg,78586
ocr_train/2347.jpg,55160
ocr_train/2348.jpg,34749
ocr_train/2349.jpg,4437
ocr_train/2350.jpg,132299
ocr_train/2351.jpg,18424
ocr_train/2352.jpg,49460
ocr_train/2353.jpg,76361
ocr_train/2354.jpg,22890
ocr_train/2355.jpg,26819
ocr_train/2356.jpg,11121
ocr_train/2357.jpg,125418
ocr_train/2358.jpg,73852
ocr_train/2359.jpg,82588
ocr_train/2360.jpg,76103
ocr_train/2361.jpg,12512
ocr_train/2362.jpg,039786
ocr_train/2363.jpg,43036
ocr_train/2364.jpg,58156
ocr_train/2365.jpg,13728
ocr_train/2366.jpg,31872
ocr_train/2367.jpg,034411
ocr_train/2368.jpg,37149
ocr_train/2369.jpg,33359
ocr_train/2370.jpg,040131
ocr_train/2371.jpg,87532
ocr_train/2372.jpg,025326
ocr_train/2373.jpg,74438
ocr_train/2374.jpg,23528
ocr_train/2375.jpg,67009
ocr_train/2376.jpg,72874
ocr_train/2377.jpg,16875
ocr_train/2378.jpg,119075
ocr_train/2379.jpg,29465
ocr_train/2380.jpg,134458
ocr_train/2381.jpg,50337
ocr_train/2382.jpg,35574
ocr_train/2383.jpg,16799
ocr_train/2384.jpg,88050
ocr_train/2385.jpg,45035
ocr_train/2386.jpg,66914
ocr_train/2387.jpg,70285
ocr_train/2388.jpg,46781
ocr_train/2389.jpg,34277
ocr_train/2390.jpg,57688
ocr_train/2391.jpg,42063
ocr_train/2392.jpg,116011
ocr_train/2393.jpg,42271
ocr_train/2394.jpg,114358
ocr_train/2395.jpg,18863
ocr_train/2396.jpg,041979
ocr_train/2397.jpg,50155
ocr_train/2398.jpg,5497
ocr_train/2399.jpg,031342
ocr_train/2400.jpg,130017
ocr_train/2401.jpg,17400
ocr_train/2402.jpg,94468
ocr_train/2403.jpg,101970
ocr_train/2404.jpg,60060
ocr_train/2405.jpg,72008
ocr_train/2406.jpg,25243
ocr_train/2407.jpg,046023
ocr_train/2408.jpg,21020
ocr_train/2409.jpg,43320
ocr_train/2410.jpg,56052
ocr_train/2411.jpg,94932
ocr_train/2412.jpg,9305
ocr_train/2413.jpg,37993
ocr_train/2414.jpg,45691
ocr_train/2415.jpg,63495
ocr_train/2416.jpg,060741
ocr_train/2417.jpg,68264
ocr_train/2418.jpg,35365
ocr_train/2419.jpg,3391
ocr_train/2420.jpg,59883
ocr_train/2421.jpg,40993
ocr_train/2422.jpg,47461
ocr_train/2423.jpg,33715
ocr_train/2424.jpg,4132
ocr_train/2425.jpg,93717
ocr_train/2426.jpg,49557
ocr_train/2427.jpg,130694
ocr_train/2428.jpg,064999
ocr_train/2429.jpg,36536
ocr_train/2430.jpg,77940
ocr_train/2431.jpg,39240
ocr_train/2432.jpg,84136
ocr_train/2433.jpg,62901
ocr_train/2434.jpg,42983
ocr_train/2435.jpg,55187
ocr_train/2436.jpg,103278
ocr_train/2437.jpg,34542
ocr_train/2438.jpg,111100
ocr_train/2439.jpg,1138.3
ocr_train/2440.jpg,70595
ocr_train/2441.jpg,50949
ocr_train/2442.jpg,17596
ocr_train/2443.jpg,161975
ocr_train/2444.jpg,55373
ocr_train/2445.jpg,21831
ocr_train/2446.jpg,124468
ocr_train/2447.jpg,84627
ocr_train/2448.jpg,41174
ocr_train/2449.jpg,48989
ocr_train/2450.jpg,47368
ocr_train/2451.jpg,3571
ocr_train/2452.jpg,35588
ocr_train/2453.jpg,036705
ocr_train/2454.jpg,076684
ocr_train/2455.jpg,374.5
ocr_train/2456.jpg,47182
ocr_train/2457.jpg,65189
ocr_train/2458.jpg,51444
ocr_train/2459.jpg,61827
ocr_train/2460.jpg,13174
ocr_train/2461.jpg,12080
ocr_train/2462.jpg,086052.1
ocr_train/2463.jpg,70463
ocr_train/2464.jpg,5630
ocr_train/2465.jpg,0876567
ocr_train/2466.jpg,64928
ocr_train/2467.jpg,34959
ocr_train/2468.jpg,3607
ocr_train/2469.jpg,119704
ocr_train/2471.jpg,61620
ocr_train/2472.jpg,13864
ocr_train/2473.jpg,35754
ocr_train/2474.jpg,6825
ocr_train/2475.jpg,012994
ocr_train/2476.jpg,60394
ocr_train/2477.jpg,90932
ocr_train/2478.jpg,36491
ocr_train/2479.jpg,44933
ocr_train/2480.jpg,86382
ocr_train/2481.jpg,18041
ocr_train/2482.jpg,024898
ocr_train/2483.jpg,2119
ocr_train/2484.jpg,38864
ocr_train/2485.jpg,122985
ocr_train/2486.jpg,57628
ocr_train/2487.jpg,37118
ocr_train/2488.jpg,7012.8
ocr_train/2489.jpg,5309
ocr_train/2490.jpg,81493
ocr_train/2491.jpg,22108
ocr_train/2492.jpg,92578
ocr_train/2493.jpg,111126
ocr_train/2494.jpg,120307
ocr_train/2495.jpg,21307
ocr_train/2496.jpg,55338
ocr_train/2497.jpg,088971
ocr_train/2498.jpg,41516
ocr_train/2499.jpg,41534
ocr_train/2500.jpg,98398
ocr_train/2501.jpg,106614
ocr_train/2502.jpg,49994
ocr_train/2503.jpg,077440
ocr_train/2504.jpg,7618
ocr_train/2505.jpg,059616
ocr_train/2506.jpg,87932
ocr_train/2507.jpg,46230
ocr_train/2508.jpg,47674
ocr_train/2509.jpg,37127
ocr_train/2510.jpg,23780
ocr_train/2511.jpg,131407
ocr_train/2512.jpg,114135
ocr_train/2513.jpg,52075
ocr_train/2514.jpg,41595
ocr_train/2515.jpg,99901
ocr_train/2516.jpg,106097
ocr_train/2517.jpg,32453
ocr_train/2518.jpg,92520
ocr_train/2519.jpg,56746
ocr_train/2520.jpg,072811
ocr_train/2521.jpg,050618
ocr_train/2522.jpg,78126
ocr_train/2523.jpg,62365
ocr_train/2524.jpg,74508
ocr_train/2525.jpg,43071
ocr_train/2526.jpg,71549
ocr_train/2527.jpg,70332
ocr_train/2528.jpg,070914
ocr_train/2529.jpg,36965
ocr_train/2530.jpg,98143
ocr_train/2531.jpg,28362
ocr_train/2532.jpg,34752
ocr_train/2533.jpg,65867
ocr_train/2534.jpg,063548
ocr_train/2535.jpg,35856
ocr_train/2536.jpg,55319
ocr_train/2537.jpg,18355
ocr_train/2538.jpg,72276
ocr_train/2539.jpg,5143
ocr_train/2540.jpg,83360
ocr_train/2541.jpg,3841
ocr_train/2542.jpg,32698
ocr_train/2543.jpg,68402
ocr_train/2544.jpg,16904.1
ocr_train/2545.jpg,117334
ocr_train/2546.jpg,113102
ocr_train/2547.jpg,25485
ocr_train/2548.jpg,037564
ocr_train/2549.jpg,115184
ocr_train/2550.jpg,67223
ocr_train/2551.jpg,14277
ocr_train/2552.jpg,37130
ocr_train/2553.jpg,52569
ocr_train/2554.jpg,11681
ocr_train/2555.jpg,7596
ocr_train/2556.jpg,32148
ocr_train/2557.jpg,132209
ocr_train/2558.jpg,038018
ocr_train/2559.jpg,40152 
ocr_train/2560.jpg,108261
ocr_train/2561.jpg,52901
ocr_train/2562.jpg,10431
ocr_train/2563.jpg,129097
ocr_train/2564.jpg,18318
ocr_train/2565.jpg,024275
ocr_train/2566.jpg,22412
ocr_train/2567.jpg,71493
ocr_train/2568.jpg,71177
ocr_train/2569.jpg,119811
ocr_train/2570.jpg,58709
ocr_train/2571.jpg,099567
ocr_train/2572.jpg,044544
ocr_train/2573.jpg,86489
ocr_train/2574.jpg,62121
ocr_train/2575.jpg,36379
ocr_train/2576.jpg,97724
ocr_train/2577.jpg,61253
ocr_train/2578.jpg,127972
ocr_train/2579.jpg,051088
ocr_train/2580.jpg,65034
ocr_train/2581.jpg,16775
ocr_train/2582.jpg,105972
ocr_train/2583.jpg,27877
ocr_train/2584.jpg,20401
ocr_train/2585.jpg,47157
ocr_train/2586.jpg,20562
ocr_train/2587.jpg,137950
ocr_train/2588.jpg,78488
ocr_train/2589.jpg,050195
ocr_train/2590.jpg,26637
ocr_train/2591.jpg,13915
ocr_train/2592.jpg,103286
ocr_train/2593.jpg,71829
ocr_train/2594.jpg,16050
ocr_train/2595.jpg,153468
ocr_train/2596.jpg,113200
ocr_train/2597.jpg,56804
ocr_train/2598.jpg,70472
ocr_train/2599.jpg,76850
ocr_train/2600.jpg,39846
ocr_train/2601.jpg,069638
ocr_train/2602.jpg,76986
ocr_train/2603.jpg,099895
ocr_train/2604.jpg,75263
ocr_train/2605.jpg,52232
ocr_train/2606.jpg,5830
ocr_train/2607.jpg,43803
ocr_train/2608.jpg,6986
ocr_train/2609.jpg,053898
ocr_train/2610.jpg,4117
ocr_train/2611.jpg,126194
ocr_train/2612.jpg,28727
ocr_train/2613.jpg,56656
ocr_train/2614.jpg,111843
ocr_train/2615.jpg,076377
ocr_train/2616.jpg,5772
ocr_train/2617.jpg,70726
ocr_train/2618.jpg,21218
ocr_train/2619.jpg,100704
ocr_train/2620.jpg,12059
ocr_train/2621.jpg,77109
ocr_train/2622.jpg,54511
ocr_train/2623.jpg,35531
ocr_train/2624.jpg,99610
ocr_train/2625.jpg,138705
ocr_train/2626.jpg,21052
ocr_train/2627.jpg,42552
ocr_train/2628.jpg,89557
ocr_train/2629.jpg,87100
ocr_train/2630.jpg,90650
ocr_train/2631.jpg,028545
ocr_train/2632.jpg,51108
ocr_train/2633.jpg,027854
ocr_train/2634.jpg,22768
ocr_train/2635.jpg,18967
ocr_train/2636.jpg,20926.8
ocr_train/2637.jpg,38868
ocr_train/2638.jpg,11201
ocr_train/2639.jpg,63812
ocr_train/2640.jpg,313
ocr_train/2641.jpg,121226
ocr_train/2642.jpg,33186
ocr_train/2643.jpg,122319
ocr_train/2644.jpg,075853
ocr_train/2645.jpg,57500
ocr_train/2646.jpg,27676.7
ocr_train/2647.jpg,98333
ocr_train/2648.jpg,43181
ocr_train/2649.jpg,40058
ocr_train/2650.jpg,094975
ocr_train/2651.jpg,14101
ocr_train/2652.jpg,79960
ocr_train/2653.jpg,26763
ocr_train/2654.jpg,153083
ocr_train/2655.jpg,12646
ocr_train/2656.jpg,8930
ocr_train/2657.jpg,85485.4
ocr_train/2658.jpg,146088
ocr_train/2659.jpg,47894
ocr_train/2660.jpg,86985
ocr_train/2661.jpg,063250
ocr_train/2662.jpg,53257
ocr_train/2663.jpg,12807
ocr_train/2664.jpg,059103
ocr_train/2665.jpg,078941
ocr_train/2666.jpg,26039
ocr_train/2667.jpg,067990
ocr_train/2668.jpg,12361
ocr_train/2669.jpg,85700
ocr_train/2670.jpg,30192
ocr_train/2671.jpg,94784
ocr_train/2672.jpg,12158
ocr_train/2673.jpg,29024
ocr_train/2674.jpg,53459
ocr_train/2675.jpg,70563
ocr_train/2676.jpg,4393
ocr_train/2677.jpg,111359
ocr_train/2678.jpg,13343
ocr_train/2679.jpg,85935
ocr_train/2680.jpg,3718
ocr_train/2681.jpg,014740
ocr_train/2682.jpg,8649
ocr_train/2683.jpg,63725
ocr_train/2684.jpg,45828
ocr_train/2685.jpg,31578
ocr_train/2686.jpg,59349
ocr_train/2687.jpg,51834
ocr_train/2688.jpg,63102
ocr_train/2689.jpg,21019
ocr_train/2690.jpg,35200
ocr_train/2691.jpg,13685
ocr_train/2692.jpg,20397
ocr_train/2693.jpg,2565
ocr_train/2694.jpg,93105
ocr_train/2695.jpg,134649
ocr_train/2696.jpg,16961
ocr_train/2697.jpg,64372
ocr_train/2698.jpg,85663
ocr_train/2699.jpg,20738
ocr_train/2700.jpg,9252
ocr_train/2701.jpg,138893
ocr_train/2702.jpg,39648
ocr_train/2703.jpg,87244
ocr_train/2704.jpg,18928
ocr_train/2705.jpg,63298
ocr_train/2706.jpg,58911
ocr_train/2707.jpg,61442
ocr_train/2708.jpg,51331
ocr_train/2709.jpg,30109
ocr_train/2710.jpg,36482
ocr_train/2711.jpg,54997
ocr_train/2712.jpg,3151
ocr_train/2713.jpg,26425
ocr_train/2714.jpg,7604
ocr_train/2715.jpg,73788
ocr_train/2716.jpg,65122
ocr_train/2717.jpg,115509
ocr_train/2718.jpg,67305
ocr_train/2719.jpg,12658
ocr_train/2720.jpg,119166
ocr_train/2721.jpg,16454
ocr_train/2722.jpg,42075
ocr_train/2723.jpg,27083
ocr_train/2724.jpg,78986
ocr_train/2725.jpg,89366
ocr_train/2726.jpg,66037
ocr_train/2727.jpg,42177
ocr_train/2728.jpg,106910
ocr_train/2729.jpg,5258
ocr_train/2730.jpg,44831
ocr_train/2731.jpg,103631
ocr_train/2732.jpg,45349
ocr_train/2733.jpg,75218
ocr_train/2734.jpg,64235
ocr_train/2735.jpg,6734
ocr_train/2736.jpg,137420
ocr_train/2737.jpg,84370
ocr_train/2738.jpg,64128
ocr_train/2739.jpg,079912
ocr_train/2740.jpg,14309
ocr_train/2741.jpg,3369
ocr_train/2742.jpg,41042
ocr_train/2743.jpg,100131
ocr_train/2744.jpg,90443
ocr_train/2745.jpg,91466
ocr_train/2746.jpg,106088
ocr_train/2747.jpg,86587
ocr_train/2748.jpg,78295
ocr_train/2749.jpg,63788
ocr_train/2750.jpg,65817
ocr_train/2751.jpg,97392
ocr_train/2752.jpg,43861
ocr_train/2753.jpg,87197
ocr_train/2754.jpg,82790
ocr_train/2755.jpg,56797
ocr_train/2756.jpg,40969
ocr_train/2757.jpg,35066
ocr_train/2758.jpg,71921
ocr_train/2759.jpg,147646
ocr_train/2760.jpg,123602
ocr_train/2761.jpg,45444
ocr_train/2762.jpg,33372
ocr_train/2763.jpg,38096
ocr_train/2764.jpg,60074
ocr_train/2765.jpg,42714
ocr_train/2766.jpg,52176
ocr_train/2767.jpg,202719
ocr_train/2768.jpg,27282.1
ocr_train/2769.jpg,25325
ocr_train/2770.jpg,22720
ocr_train/2771.jpg,66340
ocr_train/2772.jpg,34951
ocr_train/2773.jpg,122383
ocr_train/2774.jpg,92285
ocr_train/2775.jpg,111577
ocr_train/2776.jpg,49369
ocr_train/2777.jpg,38625
ocr_train/2778.jpg,131093
ocr_train/2779.jpg,21677
ocr_train/2780.jpg,57607
ocr_train/2781.jpg,10336
ocr_train/2782.jpg,89611
ocr_train/2783.jpg,75477
ocr_train/2784.jpg,55455
ocr_train/2785.jpg,99253
ocr_train/2786.jpg,34220
ocr_train/2787.jpg,38484
ocr_train/2788.jpg,31110
ocr_train/2789.jpg,75202
ocr_train/2790.jpg,66447
ocr_train/2791.jpg,68898
ocr_train/2792.jpg,30113
ocr_train/2793.jpg,73277
ocr_train/2794.jpg,88966
ocr_train/2795.jpg,106909
ocr_train/2796.jpg,123177
ocr_train/2797.jpg,59496
ocr_train/2798.jpg,25332
ocr_train/2799.jpg,30258
ocr_train/2800.jpg,62565
ocr_train/2801.jpg,33571
ocr_train/2802.jpg,20266
ocr_train/2803.jpg,144989
ocr_train/2804.jpg,84206
ocr_train/2805.jpg,83862
ocr_train/2806.jpg,161357
ocr_train/2807.jpg,50711
ocr_train/2808.jpg,111860
ocr_train/2809.jpg,40129
ocr_train/2810.jpg,787644
ocr_train/2811.jpg,26697
ocr_train/2812.jpg,81144
ocr_train/2813.jpg,110979
ocr_train/2814.jpg,89591
ocr_train/2815.jpg,21185
ocr_train/2816.jpg,41683
ocr_train/2817.jpg,57657
ocr_train/2818.jpg,22285
ocr_train/2819.jpg,24134
ocr_train/2820.jpg,44990
ocr_train/2821.jpg,34989
ocr_train/2822.jpg,101960
ocr_train/2823.jpg,17339
ocr_train/2824.jpg,32400
ocr_train/2825.jpg,51498
ocr_train/2826.jpg,65635
ocr_train/2827.jpg,55052
ocr_train/2828.jpg,62833
ocr_train/2829.jpg,91881
ocr_train/2830.jpg,44667
ocr_train/2831.jpg,19507
ocr_train/2832.jpg,23401
ocr_train/2833.jpg,3133
ocr_train/2834.jpg,1830
ocr_train/2835.jpg,84506
ocr_train/2836.jpg,69977
ocr_train/2837.jpg,89619
ocr_train/2838.jpg,26191
ocr_train/2839.jpg,27571
ocr_train/2840.jpg,98062
ocr_train/2841.jpg,65400
ocr_train/2842.jpg,20508
ocr_train/2843.jpg,30619
ocr_train/2844.jpg,109209
ocr_train/2845.jpg,76163
ocr_train/2846.jpg,89739
ocr_train/2847.jpg,42286
ocr_train/2848.jpg,130441
ocr_train/2849.jpg,7863
ocr_train/2850.jpg,148305
ocr_train/2851.jpg,58027
ocr_train/2852.jpg,57179
ocr_train/2853.jpg,23103
ocr_train/2854.jpg,67870
ocr_train/2855.jpg,68174
ocr_train/2856.jpg,20715
ocr_train/2857.jpg,26363
ocr_train/2858.jpg,81137
ocr_train/2859.jpg,82294
ocr_train/2860.jpg,97138
ocr_train/2861.jpg,150850
ocr_train/2862.jpg,77498
ocr_train/2863.jpg,96491
ocr_train/2864.jpg,131989
ocr_train/2865.jpg,1588.4
ocr_train/2866.jpg,55487
ocr_train/2867.jpg,12416
ocr_train/2868.jpg,161307
ocr_train/2869.jpg,44197
ocr_train/2870.jpg,92398
ocr_train/2871.jpg,22110
ocr_train/2872.jpg,44706
ocr_train/2873.jpg,20818
ocr_train/2874.jpg,091308
ocr_train/2875.jpg,96206
ocr_train/2876.jpg,75310
ocr_train/2877.jpg,134738
ocr_train/2878.jpg,9189
ocr_train/2879.jpg,101139
ocr_train/2880.jpg,23531
ocr_train/2881.jpg,87577
ocr_train/2882.jpg,79924
ocr_train/2883.jpg,68793
ocr_train/2884.jpg,48861
ocr_train/2885.jpg,46408
ocr_train/2886.jpg,62061
ocr_train/2887.jpg,122821
ocr_train/2888.jpg,21617
ocr_train/2889.jpg,83781
ocr_train/2890.jpg,59162
ocr_train/2891.jpg,49710
ocr_train/2892.jpg,15490
ocr_train/2893.jpg,45092
ocr_train/2894.jpg,23271
ocr_train/2895.jpg,15013
ocr_train/2896.jpg,29063
ocr_train/2897.jpg,108883
ocr_train/2898.jpg,43593
ocr_train/2899.jpg,61991
ocr_train/2900.jpg,57422
ocr_train/2901.jpg,22265
ocr_train/2902.jpg,39211
ocr_train/2903.jpg,56549
ocr_train/2904.jpg,1647
ocr_train/2905.jpg,55782
ocr_train/2906.jpg,114318
ocr_train/2907.jpg,0741344
ocr_train/2908.jpg,40635
ocr_train/2909.jpg,43664
ocr_train/2910.jpg,126159
ocr_train/2911.jpg,38112
ocr_train/2912.jpg,26622
ocr_train/2913.jpg,110161
ocr_train/2914.jpg,39639
ocr_train/2915.jpg,49579
ocr_train/2916.jpg,37519
ocr_train/2917.jpg,15850
ocr_train/2918.jpg,46129
ocr_train/2919.jpg,21985
ocr_train/2920.jpg,8754
ocr_train/2921.jpg,81876
ocr_train/2922.jpg,107837
ocr_train/2923.jpg,024176
ocr_train/2924.jpg,63356
ocr_train/2925.jpg,80072
ocr_train/2926.jpg,37057
ocr_train/2927.jpg,12512
ocr_train/2928.jpg,4439
ocr_train/2929.jpg,59200
ocr_train/2930.jpg,17358
ocr_train/2931.jpg,42964
ocr_train/2932.jpg,13756
ocr_train/2933.jpg,4052.6
ocr_train/2934.jpg,26373
ocr_train/2935.jpg,079179
ocr_train/2936.jpg,19704
ocr_train/2937.jpg,043481
ocr_train/2938.jpg,60935
ocr_train/2939.jpg,48979
ocr_train/2940.jpg,29154
ocr_train/2941.jpg,93105
ocr_train/2942.jpg,122719
ocr_train/2943.jpg,10891
ocr_train/2944.jpg,67702
ocr_train/2945.jpg,038943
ocr_train/2946.jpg,24270
ocr_train/2947.jpg,5810
ocr_train/2948.jpg,80740
ocr_train/2949.jpg,148205
ocr_train/2950.jpg,78394
ocr_train/2951.jpg,13981
ocr_train/2952.jpg,093032
ocr_train/2953.jpg,57760
ocr_train/2954.jpg,82490
ocr_train/2955.jpg,088337
ocr_train/2956.jpg,17955
ocr_train/2957.jpg,69132
ocr_train/2958.jpg,126456
ocr_train/2959.jpg,83622
ocr_train/2960.jpg,90587
ocr_train/2961.jpg,113784
ocr_train/2962.jpg,034199
ocr_train/2963.jpg,058180
ocr_train/2964.jpg,9215
ocr_train/2965.jpg,84256
ocr_train/2966.jpg,29227
ocr_train/2967.jpg,8236
ocr_train/2968.jpg,32264
ocr_train/2969.jpg,83131
ocr_train/2970.jpg,136618
ocr_train/2971.jpg,32380
ocr_train/2972.jpg,21071
ocr_train/2973.jpg,012391
ocr_train/2974.jpg,116500
ocr_train/2975.jpg,6473
ocr_train/2976.jpg,24974
ocr_train/2977.jpg,12597
ocr_train/2978.jpg,42747
ocr_train/2979.jpg,67900
ocr_train/2980.jpg,74656
ocr_train/2981.jpg,37938
ocr_train/2982.jpg,4843
ocr_train/2983.jpg,50941
ocr_train/2984.jpg,058920
ocr_train/2985.jpg,8870
ocr_train/2986.jpg,7449
ocr_train/2987.jpg,76777
ocr_train/2988.jpg,36238
ocr_train/2989.jpg,25521
ocr_train/2990.jpg,36988
ocr_train/2991.jpg,056121
ocr_train/2992.jpg,1642.9
ocr_train/2993.jpg,13947
ocr_train/2994.jpg,40301
ocr_train/2995.jpg,32871
ocr_train/2996.jpg,6245
ocr_train/2997.jpg,23600
ocr_train/2998.jpg,53472
ocr_train/2999.jpg,13836
ocr_train/3000.jpg,037962
ocr_train/3001.jpg,31641
ocr_train/3002.jpg,013477
ocr_train/3003.jpg,68094
ocr_train/3004.jpg,37901
ocr_train/3005.jpg,23718
ocr_train/3006.jpg,72749
ocr_train/3007.jpg,97867
ocr_train/3008.jpg,38762
ocr_train/3009.jpg,75066
ocr_train/3010.jpg,73844
ocr_train/3011.jpg,39727
ocr_train/3012.jpg,221498
ocr_train/3013.jpg,16408
ocr_train/3014.jpg,47285
ocr_train/3015.jpg,30232
ocr_train/3016.jpg,123122
ocr_train/3017.jpg,41084
ocr_train/3018.jpg,081560
ocr_train/3019.jpg,43790
ocr_train/3020.jpg,135491
ocr_train/3021.jpg,18035 
ocr_train/3022.jpg,43698
ocr_train/3023.jpg,038943
ocr_train/3024.jpg,19965
ocr_train/3025.jpg,65367
ocr_train/3026.jpg,140788
ocr_train/3027.jpg,031623
ocr_train/3028.jpg,92569
ocr_train/3029.jpg,16187
ocr_train/3030.jpg,048566
ocr_train/3031.jpg,69384
ocr_train/3032.jpg,20985
ocr_train/3033.jpg,085202
ocr_train/3034.jpg,087292
ocr_train/3035.jpg,059136
ocr_train/3036.jpg,41457
ocr_train/3037.jpg,56727
ocr_train/3038.jpg,10283
ocr_train/3039.jpg,86414
ocr_train/3040.jpg,70820
ocr_train/3041.jpg,92504
ocr_train/3042.jpg,112037
ocr_train/3043.jpg,72288
ocr_train/3044.jpg,70577
ocr_train/3045.jpg,30541
ocr_train/3046.jpg,101479
ocr_train/3047.jpg,39670
ocr_train/3048.jpg,7473
ocr_train/3049.jpg,69150
ocr_train/3050.jpg,12048
ocr_train/3051.jpg,43896
ocr_train/3052.jpg,77733
ocr_train/3053.jpg,52053
ocr_train/3054.jpg,43360
ocr_train/3055.jpg,59721
ocr_train/3056.jpg,66749
ocr_train/3057.jpg,25170
ocr_train/3058.jpg,070903
ocr_train/3059.jpg,9008
ocr_train/3060.jpg,21419
ocr_train/3061.jpg,56129
ocr_train/3062.jpg,15449
ocr_train/3063.jpg,74724
ocr_train/3064.jpg,49519
ocr_train/3065.jpg,015599
ocr_train/3066.jpg,6891.2
ocr_train/3067.jpg,094315
ocr_train/3068.jpg,096880
ocr_train/3069.jpg,43454
ocr_train/3070.jpg,065803
ocr_train/3071.jpg,121577
ocr_train/3072.jpg,92002
ocr_train/3073.jpg,24217
ocr_train/3074.jpg,60402
ocr_train/3075.jpg,088208
ocr_train/3076.jpg,11619
ocr_train/3077.jpg,019810.6
ocr_train/3078.jpg,22024
ocr_train/3079.jpg,078898
ocr_train/3080.jpg,27899
ocr_train/3081.jpg,135937
ocr_train/3082.jpg,68055
ocr_train/3083.jpg,59229
ocr_train/3084.jpg,94892
ocr_train/3085.jpg,77398
ocr_train/3086.jpg,58338
ocr_train/3087.jpg,34794
ocr_train/3088.jpg,075412
ocr_train/3089.jpg,53627
ocr_train/3090.jpg,054085
ocr_train/3091.jpg,076080
ocr_train/3092.jpg,102706
ocr_train/3093.jpg,39067
ocr_train/3094.jpg,49996
ocr_train/3095.jpg,06157
ocr_train/3096.jpg,19162
ocr_train/3097.jpg,18789
ocr_train/3098.jpg,062574
ocr_train/3099.jpg,51884
ocr_train/3100.jpg,61059
ocr_train/3101.jpg,55793
ocr_train/3102.jpg,122024
ocr_train/3103.jpg,89520
ocr_train/3104.jpg,45782
ocr_train/3105.jpg,045953
ocr_train/3106.jpg,63455
ocr_train/3107.jpg,68708
ocr_train/3108.jpg,90260
ocr_train/3109.jpg,24543
ocr_train/3110.jpg,78775
ocr_train/3111.jpg,44867
ocr_train/3112.jpg,20303
ocr_train/3113.jpg,33388
ocr_train/3114.jpg,65203
ocr_train/3115.jpg,87742
ocr_train/3116.jpg,11376
ocr_train/3117.jpg,19331
ocr_train/3118.jpg,533
ocr_train/3119.jpg,66860
ocr_train/3120.jpg,54489
ocr_train/3121.jpg,49746
ocr_train/3122.jpg,30760
ocr_train/3123.jpg,25530
ocr_train/3124.jpg,056988
ocr_train/3125.jpg,70233
ocr_train/3126.jpg,70594
ocr_train/3127.jpg,13576
ocr_train/3128.jpg,102548
ocr_train/3129.jpg,81348
ocr_train/3130.jpg,51049
ocr_train/3131.jpg,83763
ocr_train/3132.jpg,23118
ocr_train/3133.jpg,11780
ocr_train/3134.jpg,53015
ocr_train/3135.jpg,7038
ocr_train/3136.jpg,20140
ocr_train/3137.jpg,16548
ocr_train/3138.jpg,43404
ocr_train/3139.jpg,42967
ocr_train/3140.jpg,29475
ocr_train/3141.jpg,29144
ocr_train/3142.jpg,8119
ocr_train/3143.jpg,46649
ocr_train/3144.jpg,077538
ocr_train/3145.jpg,138376
ocr_train/3146.jpg,17251
ocr_train/3147.jpg,53037
ocr_train/3148.jpg,61196
ocr_train/3149.jpg,73716
ocr_train/3150.jpg,81900
ocr_train/3151.jpg,36744
ocr_train/3152.jpg,11402
ocr_train/3153.jpg,16957
ocr_train/3154.jpg,070837
ocr_train/3155.jpg,15378
ocr_train/3156.jpg,19056
ocr_train/3157.jpg,111145
ocr_train/3158.jpg,75077
ocr_train/3159.jpg,48916
ocr_train/3160.jpg,71628
ocr_train/3161.jpg,79655
ocr_train/3162.jpg,111832
ocr_train/3163.jpg,64359
ocr_train/3164.jpg,75717
ocr_train/3165.jpg,17632
ocr_train/3166.jpg,77267
ocr_train/3167.jpg,118382
ocr_train/3168.jpg,52219
ocr_train/3169.jpg,150047
ocr_train/3170.jpg,13817
ocr_train/3171.jpg,71702
ocr_train/3172.jpg,35085
ocr_train/3173.jpg,80854
ocr_train/3174.jpg,107746
ocr_train/3175.jpg,054510
ocr_train/3176.jpg,44593
ocr_train/3177.jpg,64116
ocr_train/3178.jpg,44295
ocr_train/3179.jpg,69368
ocr_train/3180.jpg,123497
ocr_train/3181.jpg,57577
ocr_train/3182.jpg,24321
ocr_train/3183.jpg,24612
ocr_train/3184.jpg,8822
ocr_train/3185.jpg,85970
ocr_train/3186.jpg,43263
ocr_train/3187.jpg,66145
ocr_train/3188.jpg,93817
ocr_train/3189.jpg,8054
ocr_train/3190.jpg,17810
ocr_train/3191.jpg,46301
ocr_train/3192.jpg,62312
ocr_train/3193.jpg,69517
ocr_train/3194.jpg,86480
ocr_train/3195.jpg,112245
ocr_train/3196.jpg,36535
ocr_train/3197.jpg,10649
ocr_train/3198.jpg,18795
ocr_train/3199.jpg,22075
ocr_train/3200.jpg,26120
ocr_train/3201.jpg,23957
ocr_train/3202.jpg,54702
ocr_train/3203.jpg,44985
ocr_train/3204.jpg,54448
ocr_train/3205.jpg,121977
ocr_train/3206.jpg,26344
ocr_train/3207.jpg,33158
ocr_train/3208.jpg,109349
ocr_train/3209.jpg,4440
ocr_train/3210.jpg,52593
ocr_train/3211.jpg,050574
ocr_train/3212.jpg,61479
ocr_train/3213.jpg,54944
ocr_train/3214.jpg,012468
ocr_train/3215.jpg,55209
ocr_train/3216.jpg,6301
ocr_train/3217.jpg,007192
ocr_train/3218.jpg,74136
ocr_train/3219.jpg,75822
ocr_train/3220.jpg,034923
ocr_train/3221.jpg,23596
ocr_train/3222.jpg,6346
ocr_train/3223.jpg,122635
ocr_train/3224.jpg,20837
ocr_train/3225.jpg,38613
ocr_train/3226.jpg,105313
ocr_train/3227.jpg,132817
ocr_train/3228.jpg,067474
ocr_train/3229.jpg,49031
ocr_train/3230.jpg,50911
ocr_train/3231.jpg,97038
ocr_train/3232.jpg,64688
ocr_train/3233.jpg,18324
ocr_train/3234.jpg,17364
ocr_train/3235.jpg,36155
ocr_train/3236.jpg,58080
ocr_train/3237.jpg,53685
ocr_train/3238.jpg,16233
ocr_train/3239.jpg,81926
ocr_train/3240.jpg,3553
ocr_train/3241.jpg,29377
ocr_train/3242.jpg,100880
ocr_train/3243.jpg,59518
ocr_train/3244.jpg,57891
ocr_train/3245.jpg,46549
ocr_train/3246.jpg,050776
ocr_train/3247.jpg,58002
ocr_train/3248.jpg,79874
ocr_train/3249.jpg,54530
ocr_train/3250.jpg,38811
ocr_train/3251.jpg,116012
ocr_train/3252.jpg,45612
ocr_train/3253.jpg,40742
ocr_train/3254.jpg,9416
ocr_train/3255.jpg,43280
ocr_train/3256.jpg,36323
ocr_train/3257.jpg,41612
ocr_train/3258.jpg,53834
ocr_train/3259.jpg,66606
ocr_train/3260.jpg,76126
ocr_train/3261.jpg,66002
ocr_train/3262.jpg,21480
ocr_train/3263.jpg,59464
ocr_train/3264.jpg,100294
ocr_train/3265.jpg,88984
ocr_train/3266.jpg,136900
ocr_train/3267.jpg,36734
ocr_train/3268.jpg,100854
ocr_train/3269.jpg,71549
ocr_train/3270.jpg,060426
ocr_train/3271.jpg,51150
ocr_train/3272.jpg,79064
ocr_train/3273.jpg,38933
ocr_train/3274.jpg,028760
ocr_train/3275.jpg,16833
ocr_train/3276.jpg,18729
ocr_train/3277.jpg,28697
ocr_train/3278.jpg,41473.0
ocr_train/3279.jpg,108379
ocr_train/3280.jpg,135544
ocr_train/3281.jpg,72947
ocr_train/3282.jpg,16237
ocr_train/3283.jpg,8170
ocr_train/3284.jpg,038668
ocr_train/3285.jpg,40599
ocr_train/3286.jpg,71752
ocr_train/3287.jpg,44419
ocr_train/3288.jpg,43634
ocr_train/3289.jpg,11267
ocr_train/3290.jpg,52160
ocr_train/3291.jpg,114804
ocr_train/3292.jpg,133170
ocr_train/3293.jpg,65749
ocr_train/3294.jpg,079370
ocr_train/3295.jpg,19545
ocr_train/3296.jpg,20703
ocr_train/3297.jpg,97860
ocr_train/3298.jpg,054642
ocr_train/3299.jpg,055361
ocr_train/3300.jpg,96678
ocr_train/3301.jpg,60213
ocr_train/3302.jpg,099129
ocr_train/3303.jpg,9635
ocr_train/3304.jpg,57125
ocr_train/3305.jpg,11263
ocr_train/3306.jpg,54348
ocr_train/3307.jpg,104579
ocr_train/3308.jpg,64211
ocr_train/3309.jpg,73168
ocr_train/3310.jpg,43118
ocr_train/3311.jpg,56216
ocr_train/3312.jpg,79060
ocr_train/3313.jpg,82369
ocr_train/3314.jpg,72612
ocr_train/3315.jpg,31228
ocr_train/3316.jpg,26514
ocr_train/3317.jpg,59828
ocr_train/3318.jpg,47651
ocr_train/3319.jpg,78830
ocr_train/3320.jpg,23283
ocr_train/3321.jpg,42831
ocr_train/3322.jpg,79659
ocr_train/3323.jpg,085213
ocr_train/3324.jpg,21956
ocr_train/3325.jpg,39403
ocr_train/3326.jpg,32063
ocr_train/3327.jpg,58340
ocr_train/3328.jpg,18314
ocr_train/3329.jpg,37547
ocr_train/3330.jpg,80754
ocr_train/3331.jpg,139234
ocr_train/3332.jpg,46773
ocr_train/3333.jpg,80956
ocr_train/3334.jpg,87410
ocr_train/3335.jpg,034303
ocr_train/3336.jpg,44824
ocr_train/3337.jpg,57063
ocr_train/3338.jpg,81764
ocr_train/3339.jpg,118024
ocr_train/3340.jpg,66810
ocr_train/3341.jpg,50200
ocr_train/3342.jpg,59456
ocr_train/3343.jpg,118533
ocr_train/3344.jpg,68737
ocr_train/3345.jpg,067301
ocr_train/3346.jpg,27158
ocr_train/3347.jpg,44129
ocr_train/3348.jpg,80737
ocr_train/3349.jpg,57317
ocr_train/3350.jpg,54403
ocr_train/3351.jpg,93662
ocr_train/3352.jpg,84724
ocr_train/3353.jpg,12588
ocr_train/3354.jpg,42469
ocr_train/3355.jpg,89239
ocr_train/3356.jpg,082450
ocr_train/3357.jpg,14190
ocr_train/3358.jpg,50990
ocr_train/3359.jpg,25041
ocr_train/3360.jpg,83936
ocr_train/3361.jpg,60046
ocr_train/3362.jpg,19078.4
ocr_train/3363.jpg,068991
ocr_train/3364.jpg,12114
ocr_train/3365.jpg,052341
ocr_train/3366.jpg,78176
ocr_train/3367.jpg,91688
ocr_train/3368.jpg,26040
ocr_train/3369.jpg,139948
ocr_train/3370.jpg,80686
ocr_train/3371.jpg,26382
ocr_train/3372.jpg,57465
ocr_train/3373.jpg,15022
ocr_train/3374.jpg,21966
ocr_train/3375.jpg,53647
ocr_train/3376.jpg,868
ocr_train/3377.jpg,94142
ocr_train/3378.jpg,44471
ocr_train/3379.jpg,35738
ocr_train/3380.jpg,57032
ocr_train/3381.jpg,24903
ocr_train/3382.jpg,120204
ocr_train/3383.jpg,50252
ocr_train/3384.jpg,44825
ocr_train/3385.jpg,87089
ocr_train/3386.jpg,054073
ocr_train/3387.jpg,39868
ocr_train/3388.jpg,52563
ocr_train/3389.jpg,26999
ocr_train/3390.jpg,33725
ocr_train/3391.jpg,26742
ocr_train/3392.jpg,42843
ocr_train/3393.jpg,71529
ocr_train/3394.jpg,44684
ocr_train/3395.jpg,3745
ocr_train/3396.jpg,14254
ocr_train/3397.jpg,92004
ocr_train/3398.jpg,180509
ocr_train/3399.jpg,21325
ocr_train/3400.jpg,85797
ocr_train/3401.jpg,64359
ocr_train/3402.jpg,102734
ocr_train/3403.jpg,18649
ocr_train/3404.jpg,067603
ocr_train/3405.jpg,13051
ocr_train/3406.jpg,39559
ocr_train/3407.jpg,23406
ocr_train/3408.jpg,31021
ocr_train/3409.jpg,21892
ocr_train/3410.jpg,106481
ocr_train/3411.jpg,5884
ocr_train/3412.jpg,46684
ocr_train/3413.jpg,22800
ocr_train/3414.jpg,36486
ocr_train/3415.jpg,033263
ocr_train/3416.jpg,21232
ocr_train/3417.jpg,38526
ocr_train/3418.jpg,81996
ocr_train/3419.jpg,87157
ocr_train/3420.jpg,18378
ocr_train/3421.jpg,73249
ocr_train/3422.jpg,19370
ocr_train/3423.jpg,67636
ocr_train/3424.jpg,81823
ocr_train/3425.jpg,17270
ocr_train/3426.jpg,13776
ocr_train/3427.jpg,30580
ocr_train/3428.jpg,003335
ocr_train/3429.jpg,35562
ocr_train/3430.jpg,23024
ocr_train/3431.jpg,60825
ocr_train/3432.jpg,68735
ocr_train/3433.jpg,102806
ocr_train/3434.jpg,33183
ocr_train/3435.jpg,13256
ocr_train/3436.jpg,159980
ocr_train/3437.jpg,81428
ocr_train/3438.jpg,36636
ocr_train/3439.jpg,33297
ocr_train/3440.jpg,63526
ocr_train/3441.jpg,72678
ocr_train/3442.jpg,74576
ocr_train/3443.jpg,98251
ocr_train/3444.jpg,8269
ocr_train/3445.jpg,83968
ocr_train/3446.jpg,101224
ocr_train/3447.jpg,23094
ocr_train/3448.jpg,64871
ocr_train/3449.jpg,20179
ocr_train/3450.jpg,25190
ocr_train/3451.jpg,52552
ocr_train/3452.jpg,98270
ocr_train/3453.jpg,33061
ocr_train/3454.jpg,76466
ocr_train/3455.jpg,41180
ocr_train/3456.jpg,100068
ocr_train/3457.jpg,70872
ocr_train/3458.jpg,012950
ocr_train/3459.jpg,20686
ocr_train/3460.jpg,073247
ocr_train/3461.jpg,032544
ocr_train/3462.jpg,100265
ocr_train/3463.jpg,108459
ocr_train/3464.jpg,59792
ocr_train/3465.jpg,80211
ocr_train/3466.jpg,94807
ocr_train/3467.jpg,48000
ocr_train/3468.jpg,26222
ocr_train/3469.jpg,32549
ocr_train/3470.jpg,108260
ocr_train/3471.jpg,040988
ocr_train/3472.jpg,25867
ocr_train/3473.jpg,7173
ocr_train/3474.jpg,100600
ocr_train/3475.jpg,11745 
ocr_train/3476.jpg,14048
ocr_train/3477.jpg,38618
ocr_train/3478.jpg,35271
ocr_train/3479.jpg,23192
ocr_train/3480.jpg,38099
ocr_train/3481.jpg,98699
ocr_train/3482.jpg,58563
ocr_train/3483.jpg,74455
ocr_train/3484.jpg,20472
ocr_train/3485.jpg,69594
ocr_train/3486.jpg,121134
ocr_train/3487.jpg,103505
ocr_train/3488.jpg,12084
ocr_train/3489.jpg,29962
ocr_train/3490.jpg,39191
ocr_train/3491.jpg,83159
ocr_train/3492.jpg,42995
ocr_train/3493.jpg,114453
ocr_train/3494.jpg,85465
ocr_train/3495.jpg,42704
ocr_train/3496.jpg,13832
ocr_train/3497.jpg,20089
ocr_train/3498.jpg,86872
ocr_train/3499.jpg,15851
ocr_train/3500.jpg,66395
ocr_train/3501.jpg,139920
ocr_train/3502.jpg,19747
ocr_train/3503.jpg,37579
ocr_train/3504.jpg,54602
ocr_train/3505.jpg,22745
ocr_train/3506.jpg,36147
ocr_train/3507.jpg,21473
ocr_train/3508.jpg,53186
ocr_train/3509.jpg,062441
ocr_train/3510.jpg,25238
ocr_train/3511.jpg,22752
ocr_train/3512.jpg,1527
ocr_train/3513.jpg,4372
ocr_train/3514.jpg,063435
ocr_train/3515.jpg,35083.0
ocr_train/3516.jpg,143542
ocr_train/3517.jpg,50590
ocr_train/3518.jpg,65790
ocr_train/3519.jpg,026245
ocr_train/3520.jpg,046847
ocr_train/3521.jpg,68391
ocr_train/3522.jpg,44362
ocr_train/3523.jpg,44074
ocr_train/3524.jpg,67958
ocr_train/3525.jpg,119608
ocr_train/3526.jpg,8462
ocr_train/3527.jpg,99166
ocr_train/3528.jpg,11495
ocr_train/3529.jpg,48439
ocr_train/3530.jpg,75897
ocr_train/3531.jpg,135693
ocr_train/3532.jpg,80441
ocr_train/3533.jpg,31252
ocr_train/3534.jpg,148807
ocr_train/3535.jpg,59916
ocr_train/3536.jpg,40398
ocr_train/3537.jpg,81808
ocr_train/3538.jpg,51169
ocr_train/3539.jpg,79299
ocr_train/3540.jpg,32309
ocr_train/3541.jpg,38745
ocr_train/3542.jpg,65392
ocr_train/3543.jpg,204361
ocr_train/3544.jpg,19100
ocr_train/3545.jpg,43547
ocr_train/3546.jpg,45974
ocr_train/3547.jpg,53176
ocr_train/3548.jpg,57015
ocr_train/3549.jpg,75013
ocr_train/3550.jpg,5256
ocr_train/3551.jpg,66811
ocr_train/3552.jpg,052661
ocr_train/3553.jpg,77325
ocr_train/3554.jpg,99249
ocr_train/3555.jpg,56730
ocr_train/3556.jpg,14013 
ocr_train/3557.jpg,29818
ocr_train/3558.jpg,29335
ocr_train/3559.jpg,35719
ocr_train/3560.jpg,12634
ocr_train/3561.jpg,67512
ocr_train/3562.jpg,032151
ocr_train/3563.jpg,033745
ocr_train/3564.jpg,45636
ocr_train/3565.jpg,14249
ocr_train/3566.jpg,140491
ocr_train/3567.jpg,59104
ocr_train/3568.jpg,63654
ocr_train/3569.jpg,48988
ocr_train/3570.jpg,57382
ocr_train/3571.jpg,77131
ocr_train/3572.jpg,092593
ocr_train/3573.jpg,53124
ocr_train/3574.jpg,46837
ocr_train/3575.jpg,68377
ocr_train/3576.jpg,39282
ocr_train/3577.jpg,56816
ocr_train/3578.jpg,25781
ocr_train/3579.jpg,47096
ocr_train/3580.jpg,23984
ocr_train/3581.jpg,49935
ocr_train/3582.jpg,64624
ocr_train/3583.jpg,11411
ocr_train/3584.jpg,40495
ocr_train/3585.jpg,078485
ocr_train/3586.jpg,120213
ocr_train/3587.jpg,33206
ocr_train/3588.jpg,74510
ocr_train/3589.jpg,9117
ocr_train/3590.jpg,62865
ocr_train/3591.jpg,16738
ocr_train/3592.jpg,6242
ocr_train/3593.jpg,72339
ocr_train/3594.jpg,78086
ocr_train/3595.jpg,74970
ocr_train/3596.jpg,082466
ocr_train/3597.jpg,43866
ocr_train/3598.jpg,16828 
ocr_train/3599.jpg,34604.6
ocr_train/3600.jpg,40920.2
ocr_train/3601.jpg,146722
ocr_train/3602.jpg,59232
ocr_train/3603.jpg,82847
ocr_train/3604.jpg,060046 
ocr_train/3605.jpg,64840
ocr_train/3606.jpg,47617
ocr_train/3607.jpg,31524
ocr_train/3608.jpg,042742
ocr_train/3609.jpg,84214
ocr_train/3610.jpg,90893
ocr_train/3611.jpg,117919
ocr_train/3612.jpg,32117
ocr_train/3613.jpg,38964
ocr_train/3614.jpg,108228
ocr_train/3615.jpg,62281
ocr_train/3616.jpg,131033
ocr_train/3617.jpg,49714
ocr_train/3618.jpg,60029
ocr_train/3619.jpg,45171
ocr_train/3620.jpg,29390
ocr_train/3621.jpg,44650
ocr_train/3622.jpg,18166
ocr_train/3623.jpg,69958
ocr_train/3624.jpg,74761
ocr_train/3625.jpg,684
ocr_train/3626.jpg,31614
ocr_train/3627.jpg,57269
ocr_train/3628.jpg,8567
ocr_train/3629.jpg,85168
ocr_train/3630.jpg,85745
ocr_train/3631.jpg,49543
ocr_train/3632.jpg,34764
ocr_train/3633.jpg,26618
ocr_train/3634.jpg,43777
ocr_train/3635.jpg,18019
ocr_train/3636.jpg,75490
ocr_train/3637.jpg,100158
ocr_train/3638.jpg,016570
ocr_train/3639.jpg,010184
ocr_train/3640.jpg,46704
ocr_train/3641.jpg,58147
ocr_train/3642.jpg,016038
ocr_train/3643.jpg,10431
ocr_train/3644.jpg,37032
ocr_train/3645.jpg,18741
ocr_train/3646.jpg,37483
ocr_train/3647.jpg,33308
ocr_train/3648.jpg,83031
ocr_train/3649.jpg,44422
ocr_train/3650.jpg,24260
ocr_train/3651.jpg,118220
ocr_train/3652.jpg,126266
ocr_train/3653.jpg,52777
ocr_train/3654.jpg,103024
ocr_train/3655.jpg,48177
ocr_train/3656.jpg,20606
ocr_train/3657.jpg,43261
ocr_train/3658.jpg,3267
ocr_train/3659.jpg,21153
ocr_train/3660.jpg,78156 
ocr_train/3661.jpg,55738
ocr_train/3662.jpg,85669
ocr_train/3663.jpg,5820
ocr_train/3664.jpg,47850
ocr_train/3665.jpg,75639
ocr_train/3666.jpg,29438
ocr_train/3667.jpg,65682 
ocr_train/3668.jpg,63025
ocr_train/3669.jpg,67498
ocr_train/3670.jpg,88715
ocr_train/3671.jpg,51571
ocr_train/3672.jpg,139974
ocr_train/3673.jpg,132522
ocr_train/3674.jpg,13982
ocr_train/3675.jpg,4084
ocr_train/3676.jpg,40664
ocr_train/3677.jpg,062727
ocr_train/3678.jpg,73275 
ocr_train/3679.jpg,12151
ocr_train/3680.jpg,4998
ocr_train/3681.jpg,37628
ocr_train/3682.jpg,96606
ocr_train/3683.jpg,15918
ocr_train/3684.jpg,1908
ocr_train/3685.jpg,022273
ocr_train/3686.jpg,39380
ocr_train/3687.jpg,27920
ocr_train/3688.jpg,50923
ocr_train/3689.jpg,27020
ocr_train/3690.jpg,66430
ocr_train/3691.jpg,042654
ocr_train/3692.jpg,13246
ocr_train/3693.jpg,45843
ocr_train/3694.jpg,55764
ocr_train/3695.jpg,28197
ocr_train/3696.jpg,65415 
ocr_train/3697.jpg,89556
ocr_train/3698.jpg,53182
ocr_train/3699.jpg,59925
ocr_train/3700.jpg,63824
ocr_train/3701.jpg,27194
ocr_train/3702.jpg,52038
ocr_train/3703.jpg,97800
ocr_train/3704.jpg,38635
ocr_train/3705.jpg,11669
ocr_train/3706.jpg,069836
ocr_train/3707.jpg,55569
ocr_train/3708.jpg,64256
ocr_train/3709.jpg,095302
ocr_train/3710.jpg,94888
ocr_train/3711.jpg,58967
ocr_train/3712.jpg,029504
ocr_train/3713.jpg,14947
ocr_train/3714.jpg,060930
ocr_train/3715.jpg,25079
ocr_train/3716.jpg,66862
ocr_train/3717.jpg,79556 
ocr_train/3718.jpg,22911
ocr_train/3719.jpg,69659
ocr_train/3720.jpg,111230
ocr_train/3721.jpg,69171
ocr_train/3722.jpg,61622
ocr_train/3723.jpg,148244
ocr_train/3724.jpg,88675
ocr_train/3725.jpg,3016
ocr_train/3726.jpg,085814
ocr_train/3727.jpg,10917
ocr_train/3728.jpg,49588
ocr_train/3729.jpg,20457
ocr_train/3730.jpg,0491772
ocr_train/3731.jpg,30874
ocr_train/3732.jpg,94250
ocr_train/3733.jpg,72694
ocr_train/3734.jpg,117947
ocr_train/3735.jpg,55328
ocr_train/3736.jpg,16259
ocr_train/3737.jpg,86743
ocr_train/3738.jpg,72758
ocr_train/3739.jpg,66712
ocr_train/3740.jpg,55407
ocr_train/3741.jpg,86525
ocr_train/3742.jpg,080105
ocr_train/3743.jpg,066090
ocr_train/3744.jpg,61285
ocr_train/3745.jpg,074295
ocr_train/3746.jpg,62656
ocr_train/3747.jpg,26840
ocr_train/3748.jpg,20201
ocr_train/3749.jpg,75292
ocr_train/3750.jpg,49461
ocr_train/3751.jpg,68992
ocr_train/3752.jpg,63227
ocr_train/3753.jpg,85023
ocr_train/3754.jpg,46166
ocr_train/3755.jpg,7481
ocr_train/3756.jpg,41720
ocr_train/3757.jpg,073538
ocr_train/3758.jpg,83488
ocr_train/3759.jpg,053881 
ocr_train/3760.jpg,8844
ocr_train/3761.jpg,101701
ocr_train/3762.jpg,25768
ocr_train/3763.jpg,49137
ocr_train/3764.jpg,60179
ocr_train/3765.jpg,50216
ocr_train/3766.jpg,77183
ocr_train/3767.jpg,071043 
ocr_train/3768.jpg,70816
ocr_train/3769.jpg,68761
ocr_train/3770.jpg,49570
ocr_train/3771.jpg,97993
ocr_train/3772.jpg,033626
ocr_train/3773.jpg,145874
ocr_train/3774.jpg,80168 
ocr_train/3775.jpg,87779
ocr_train/3776.jpg,66848
ocr_train/3777.jpg,11419
ocr_train/3778.jpg,134716
ocr_train/3779.jpg,85812
ocr_train/3780.jpg,026961
ocr_train/3781.jpg,058775
ocr_train/3782.jpg,147299
ocr_train/3783.jpg,51191
ocr_train/3784.jpg,27226
ocr_train/3785.jpg,27697
ocr_train/3786.jpg,90295
ocr_train/3787.jpg,94961
ocr_train/3788.jpg,19773
ocr_train/3789.jpg,37860
ocr_train/3790.jpg,074220
ocr_train/3791.jpg,78473
ocr_train/3792.jpg,77150
ocr_train/3793.jpg,101584
ocr_train/3794.jpg,79107
ocr_train/3795.jpg,19736
ocr_train/3796.jpg,013150
ocr_train/3797.jpg,39273
ocr_train/3798.jpg,38797
ocr_train/3799.jpg,30278
ocr_train/3800.jpg,82263
ocr_train/3801.jpg,031350
ocr_train/3802.jpg,3224
ocr_train/3803.jpg,25182
ocr_train/3804.jpg,68603
ocr_train/3805.jpg,110170
ocr_train/3806.jpg,6983
ocr_train/3807.jpg,69164
ocr_train/3808.jpg,89981
ocr_train/3809.jpg,46380
ocr_train/3810.jpg,34514
ocr_train/3811.jpg,69574
ocr_train/3812.jpg,88520
ocr_train/3813.jpg,90463
ocr_train/3814.jpg,046245
ocr_train/3815.jpg,46831
ocr_train/3816.jpg,21620
ocr_train/3817.jpg,80673
ocr_train/3818.jpg,61977 
ocr_train/3819.jpg,31772
ocr_train/3820.jpg,077761
ocr_train/3821.jpg,19362
ocr_train/3822.jpg,048128 
ocr_train/3823.jpg,28252
ocr_train/3824.jpg,29501
ocr_train/3825.jpg,57459
ocr_train/3826.jpg,107103
ocr_train/3827.jpg,76076
ocr_train/3828.jpg,62355
ocr_train/3829.jpg,14952
